Comune,Pop_Comune_2030_Ottimistico,Quota Popolazione 2030 Ottimistico,EV Stimati (2030 - Ottimistico),Domanda Mensile (kWh) - Ottimistico,Domanda Annua (kWh) - Ottimistico,Domanda Giornaliera (kWh) - Ottimistico,Colonnine Necessarie - Ottimistico,Comune_nome_match,n_esagoni,EV Stimati (2030 - Ottimistico) per esagono,Domanda Giornaliera (kWh) - Ottimistico per esagono,Domanda Mensile (kWh) - Ottimistico per esagono,Domanda Annua (kWh) - Ottimistico per esagono,Colonnine Necessarie - Ottimistico per esagono
brescia,200195,0.1568697666327635,9412.185997965811,1694193.4796338463,20330321.75560616,55699.51165919495,100.28209521343592,brescia,130,72.40143075358316,428.4577819938073,13032.257535644972,156387.0904277397,0.7714007324110456
desenzano del garda,29635,0.023221536672554,1393.29220035324,250792.5960635832,3009511.1527629984,8245.236034967118,14.844825753141553,desenzano del garda,75,18.5772293380432,109.93648046622825,3343.901280847776,40126.81537017331,0.19793101004188737
montichiari,26573,0.0208221998987608,1249.3319939256503,224879.75890661703,2698557.1068794047,7393.307142135355,13.311002353238754,montichiari,107,11.675999943230376,69.09632843117154,2101.6799897814676,25220.159877377613,0.12440189115176406
lumezzane,21824,0.0171009555033513,1026.0573302010837,184690.31943619504,2216283.83323434,6072.01050201189,10.932123409365992,lumezzane,52,19.731871734636226,116.76943273099788,3551.73691223452,42620.84294681423,0.21023314248780756
palazzolo sull'oglio,20465,0.0160360637085816,962.1638225149,173189.488052682,2078273.856632184,5693.900977074476,10.251370306665832,palazzolo sull'oglio,28,34.36299366124643,203.35360632408842,6185.338859024357,74224.06630829228,0.36612036809520826
rovato,19666,0.0154099794230621,924.5987653837292,166427.77776907128,1997133.3332288556,5471.5981732297405,9.851133567109224,rovato,43,21.502296869389053,127.24646914487768,3870.4134364900297,46444.961237880365,0.22909612946765637
chiari,19513,0.0152900909428562,917.4054565713776,165132.98218284795,1981595.7861941757,5429.02955121692,9.774492489321789,chiari,48,19.112613678570366,113.10478231701916,3440.2704621426656,41283.245545711994,0.20363526019420394
ghedi,18823,0.0147494174046729,884.9650442803792,159293.70797046824,1911524.495645619,5237.053412727723,9.428856256162762,ghedi,92,9.619185263917165,56.92449361660569,1731.4533475050896,20777.440170061076,0.10248756800176916
lonato del garda,17181,0.0134627711007643,807.7662660458585,145397.92788825452,1744775.1346590542,4780.205848380971,8.606342205659693,lonato del garda,95,8.502802800482721,50.317956298747056,1530.5045040868897,18366.054049042676,0.09059307584904941
gussago,16817,0.0131775462197516,790.6527731851,142317.499173318,1707809.990079816,4678.931479670729,8.424006569616383,gussago,25,31.626110927404003,187.15725918682915,5692.699966932721,68312.39960319264,0.3369602627846553
concesio,15933,0.0124848572230066,749.0914333804006,134836.4580084721,1618037.4961016653,4432.979441374426,7.981191453511198,concesio,29,25.83073908208278,152.861360047394,4649.5330347749,55794.396417298805,0.2752134983969379
darfo boario terme,15890,0.0124511630749749,747.0697844984979,134472.56120972964,1613670.7345167557,4421.01571100481,7.959651804198392,darfo boario terme,48,15.563953843718707,92.10449397926688,2801.5116918693675,33618.14030243241,0.16582607925413317
ospitaletto,14965,0.0117263470998741,703.5808259924494,126644.54867864087,1519734.5841436908,4163.656394914221,7.496298882934481,ospitaletto,10,70.35808259924494,416.3656394914221,12664.454867864088,151973.4584143691,0.7496298882934481
leno,14599,0.0114395550491856,686.3733029511371,123547.19453120467,1482566.3343744562,4061.825573628647,7.312961402737085,leno,67,10.24437765598712,60.62426229296488,1843.9879780776816,22127.855736932182,0.10914867765279232
travagliato,13989,0.010961568298038,657.6940978822837,118384.93761881106,1420619.2514257329,3892.107538152693,7.007398935741428,travagliato,20,32.884704894114186,194.60537690763465,5919.246880940553,71030.96257128664,0.3503699467870714
rezzato,13576,0.010637947759966,638.2768655979614,114889.83580763306,1378678.0296915967,3777.20008134684,6.800518117923056,rezzato,39,16.366073476870806,96.85128413709846,2945.8932258367454,35350.71871004094,0.1743722594339245
manerbio,13551,0.0106183581390173,637.1014883410412,114678.2679013874,1376139.214816649,3770.2444241552025,6.787995065997003,manerbio,45,14.157810852023138,83.78320942567117,2548.4059533641644,30580.871440369978,0.1508443347999334
sarezzo,13358,0.0104671262652936,628.027575917617,113044.96366517106,1356539.5639820527,3716.546750635761,6.691317105127885,sarezzo,34,18.471399291694617,109.31019854811062,3324.851872505031,39898.22247006038,0.1968034442684672
carpenedolo,13185,0.0103315660883288,619.893965299729,111580.91375395122,1338970.9650474146,3668.413602869629,6.604657585799608,carpenedolo,32,19.37168641561653,114.6379250896759,3486.9035548109755,41842.84265773171,0.20639554955623776
calcinato,13090,0.0102571255287238,615.4275317234321,110776.95571021778,1329323.4685226134,3641.982105541407,6.557069988480612,calcinato,52,11.835144840835234,70.03811741425783,2130.326071350342,25563.912856204104,0.12609749977847332
mazzano,12845,0.0100651472434268,603.908834605614,108703.59022901052,1304443.0827481262,3573.81666506336,6.434344079605308,mazzano,15,40.2605889737076,238.25444433755732,7246.906015267367,86962.87218320841,0.42895627197368724
bagnolo mella,12674,0.0099311542361379,595.8692541682796,107256.46575029031,1287077.5890034838,3526.239969872558,6.348686404431113,bagnolo mella,52,11.45902411862076,67.81230711293381,2062.624341351737,24751.49209622084,0.1220901231621368
orzinuovi,12629,0.0098958929184303,593.7535751058231,106875.64351904816,1282507.7222285778,3513.7197869276106,6.326144910964221,orzinuovi,68,8.731670222144457,51.67234980775898,1571.7006399860022,18860.407679832027,0.09303154280829737
gavardo,12472,0.0097728700988727,586.3722059323641,105546.99706782552,1266563.9648139065,3470.038259764128,6.247500144868617,gavardo,47,12.476004381539662,73.8306012715772,2245.680788677139,26948.16946412567,0.1329255349972046
bedizzole,12429,0.009739175950841,584.3505570504612,105183.10026908302,1262197.203228996,3458.07452939451,6.225960495555807,bedizzole,42,13.913108501201458,82.33510784272643,2504.3595302162626,30052.31436259514,0.14823715465609064
castenedolo,11770,0.009222793542634,553.367612558044,99606.17026044792,1195274.0431253752,3274.7234058229456,5.895852846785088,castenedolo,33,16.76871553206194,99.23404260069532,3018.368795771149,36220.42554925379,0.178662207478336
gardone val trompia,11555,0.0090543228024755,543.25936814853,97786.6862667354,1173440.235200825,3214.904753974862,5.788154600221043,gardone val trompia,20,27.1629684074265,160.7452376987431,4889.33431333677,58672.01176004125,0.28940773001105213
castel mella,11073,0.0086766349105851,520.598094635108,93707.65703431945,1124491.8844118332,3080.799683320091,5.546710159086769,castel mella,12,43.383174552925674,256.7333069433409,7808.971419526621,93707.65703431943,0.46222584659056404
botticino,10872,0.0085191343581578,511.1480614894695,92006.6510681045,1104079.812817254,3024.8761994993265,5.446024821601316,botticino,23,22.223828760411717,131.51635649997073,4000.2891768741088,48003.47012248931,0.23678368789570942
cazzago san martino,10865,0.0085136492642921,510.81895585753176,91947.41205435572,1103368.944652269,3022.928615485668,5.442518367062021,cazzago san martino,29,17.61444675370799,104.23891777536787,3170.6004156674385,38047.204988009275,0.18767304714006972
villa carcina,10792,0.008456447571122,507.3868542673246,91329.63376811844,1095955.6052174212,3002.618096486085,5.405951055437949,villa carcina,12,42.28223785561038,250.21817470717374,7610.8028140098695,91329.63376811844,0.4504959212864958
nave,10723,0.0084023802173037,504.1428130382248,90745.70634688048,1088948.4761625656,2983.420482637166,5.371387432122048,nave,39,12.926738795851918,76.49796109326067,2326.812983253346,27921.755799040144,0.1377278828749243
salò,10598,0.0083044321125603,498.2659267536237,89687.86681565226,1076254.4017878273,2948.642196678979,5.308772172491791,salò,37,13.466646669016857,79.69303234267511,2423.996400423034,29087.956805076414,0.14348032898626462
rodengo saiano,10029,0.0078585723397686,471.5143403861192,84872.58126950146,1018470.9752340176,2790.331438997308,5.023747510654855,rodengo saiano,17,27.73613766977172,164.1371434704299,4992.504780558909,59910.05736670692,0.29551455945028554
capriolo,9556,0.0074879367114198,449.2762026851885,80869.71648333393,970436.5978000072,2658.7304049315267,4.78681136821396,capriolo,15,29.95174684567923,177.24869366210177,5391.314432222262,64695.773186667146,0.31912075788093064
roncadelle,9402,0.0073672646463759,442.0358787825599,79566.45818086078,954797.4981703293,2615.883556631039,4.709669368349481,roncadelle,19,23.26504625171368,137.67808192794942,4187.708325308462,50252.49990370154,0.24787733517628846
borgosatollo,9236,0.0072371895632768,434.2313737966096,78161.64728338971,937939.7674006766,2569.697992878566,4.626516303560498,borgosatollo,6,72.37189563276827,428.2829988130943,13026.941213898286,156323.29456677943,0.7710860505934164
iseo,9127,0.0071517788159406,429.1067289564374,77239.21121215873,926870.5345459048,2539.3713275230266,4.571915797162914,iseo,31,13.842152546981852,81.91520411364601,2491.587458456733,29899.0495014808,0.14748115474719078
coccaglio,8903,0.0069762558122405,418.57534873443217,75343.5627721978,904122.7532663736,2477.048639085955,4.459709251905493,coccaglio,11,38.05230443040293,225.186239916905,6849.4147974725265,82192.97756967033,0.40542811380959026
erbusco,8903,0.0069762558122405,418.57534873443217,75343.5627721978,904122.7532663736,2477.048639085955,4.459709251905493,erbusco,18,23.254186040801788,137.61381328255305,4185.753487344322,50229.04184813187,0.24776162510586072
flero,8859,0.0069417780793708,416.5066847622525,74971.20325720546,899654.4390864655,2464.8066824286725,4.437668680515642,flero,16,26.031667797640782,154.05041765179203,4685.700203575341,56228.402442904095,0.2773542925322276
calvisano,8500,0.0066604711225479,399.628267352878,71933.08812351804,863197.0574822165,2364.9234451567577,4.25783765485754,calvisano,53,7.540155987790151,44.62119707842939,1357.2280778022273,16286.736933626726,0.08033655952561396
castegnato,8465,0.0066330456532198,397.9827391931897,71636.89305477415,859642.7166572898,2355.185525088465,4.240305382161068,castegnato,19,20.946459957536298,123.9571328993929,3770.362792356534,45244.35350827841,0.22317396748216148
vobarno,8431,0.0066064037687296,396.3842261237782,71349.16070228007,856189.928427361,2345.7258313078382,4.223274031541639,vobarno,72,5.505336473941364,32.57952543483108,990.9605653094454,11891.526783713347,0.05865658377141165
sirmione,8412,0.0065915156568086,395.4909394085189,71188.36909353339,854260.4291224007,2340.439531842194,4.21375651207784,sirmione,35,11.299741125957683,66.86970090977697,2033.9534026723825,24407.44083206859,0.12039304320222399
verolanuova,8177,0.0064073732198911,384.4423931934687,69199.63077482436,830395.5692978923,2275.056354240801,4.096039823972954,verolanuova,21,18.306780628260416,108.33601686860956,3295.2205130868742,39542.64615704249,0.19504951542728352
pisogne,7978,0.0062514398371397,375.08639022838366,67515.55024110906,810186.6028933087,2219.689322995366,3.996356330641583,pisogne,60,6.251439837139728,36.99482204992277,1125.259170685151,13503.110048221812,0.06660593884402638
cologne,7716,0.0060461406095976,362.76843657585965,65298.318583654735,783579.8230038568,2146.794035627005,3.865114746456563,cologne,20,18.138421828792982,107.33970178135026,3264.915929182737,39178.99115019284,0.19325573732282814
castrezzato,7707,0.0060390883460561,362.3453007633684,65222.1541374063,782665.8496488757,2144.289999038016,3.860606447763184,castrezzato,19,19.07080530333518,112.8573683704219,3432.7449546003318,41192.93945520398,0.2031898130401676
toscolano-maderno,7696,0.0060304689128387,361.82813477032346,65129.06425865823,781548.7711038988,2141.2295098736954,3.855096304915722,toscolano-maderno,81,4.467014009510166,26.434932220662905,804.0625217118301,9648.75026054196,0.04759378154216941
bovezzo,7418,0.0058126323278895,348.75793967337046,62776.42914120668,753317.1496944802,2063.8826019026856,3.7158399674980274,bovezzo,7,49.82256281048149,294.8403717003836,8968.06130588667,107616.73567064003,0.5308342810711467
corte franca,7281,0.0057052812050907,342.31687230544765,61617.037014980575,739404.4441797669,2025.765600492512,3.6472136429432647,corte franca,20,17.115843615272382,101.2882800246256,3080.851850749029,36970.22220898834,0.18236068214716322
adro,7258,0.005687258753818,341.235525229081,61422.394541234586,737068.734494815,2019.3663958762052,3.635692435171297,adro,19,17.959764485741108,106.28244188822133,3232.7576074333992,38793.09128920079,0.19135223343006827
provaglio d'iseo,7246,0.0056778557357626,340.6713441457593,61320.84194623668,735850.1033548402,2016.02768042422,3.629681370246793,provaglio d'iseo,23,14.811797571554752,87.6533774097487,2666.123562879856,31993.48275455827,0.157812233488991
pontevico,7106,0.0055681538584501,334.089231507006,60136.06167126108,721632.7400551329,1977.076000151049,3.559552279460903,pontevico,43,7.769517011790837,45.97851163141974,1398.5130621223507,16782.156745468208,0.0827802855688582
pontoglio,7053,0.0055266238620389,331.5974317223352,59687.537710020326,716250.4525202439,1962.330006904778,3.5330034093776748,pontoglio,16,20.72483948264595,122.64562543154862,3730.4711068762704,44765.653282515246,0.22081271308610467
passirano,6993,0.0054796087717621,328.77652630572663,59179.77473503079,710157.2968203695,1945.636429644848,3.502948084755151,passirano,21,15.65602506217746,92.6493537926118,2818.0845111919425,33817.01413430331,0.16680705165500717
castelcovati,6978,0.0054678549991929,328.0712999515745,59052.833991283405,708634.0078954009,1941.4630353298653,3.4954342535995195,castelcovati,9,36.45236666128605,215.7181150366517,6561.4259990314895,78737.11198837787,0.38838158373327997
prevalle,6903,0.0054090861363468,324.5451681808138,58418.130272546485,701017.5632705578,1920.5960637549529,3.457865097821365,prevalle,16,20.284073011300862,120.03725398468455,3651.1331420341553,43813.59770440986,0.21611656861383532
torbole casaglia,6537,0.0051222940856583,307.3376451395016,55320.776125110286,663849.3135013235,1818.7652424693792,3.2745276176239693,torbole casaglia,17,18.078685008205976,106.98619073349289,3254.1633014770755,39049.95961772491,0.19261927162493936
quinzano d'oglio,6304,0.0049397188184167,296.3831291050051,53348.96323890091,640187.558866811,1753.9385174433178,3.157812773673169,quinzano d'oglio,42,7.056741169166788,41.760440891507564,1270.2134104500217,15242.560925400261,0.07518601842078973
rudiano,6006,0.0047062105367085,282.37263220251594,50827.07379645287,609924.8855574344,1671.0270837189985,3.008537994714634,rudiano,16,17.648289512657247,104.4391927324374,3176.692112278304,38120.30534733965,0.1880336246696646
villanuova sul clisi,5905,0.0046270684680759,277.6241080845582,49972.33945522048,599668.0734626458,1642.926228664783,2.9579448649333857,villanuova sul clisi,12,23.13534234037985,136.91051905539857,4164.361621268373,49972.33945522048,0.24649540541111548
dello,5703,0.0044687843308107,268.1270598486428,48262.8707727557,579154.4492730683,1586.7245185563515,2.856758605370888,dello,37,7.246677293206561,42.88444644746896,1304.401912777181,15652.822953326171,0.07720969203705104
trenzano,5562,0.0043582988686602,261.49793211961264,47069.62778153028,564835.5333783634,1547.4946119955162,2.786128592507958,trenzano,22,11.886269641800574,70.34066418161437,2139.5285355241035,25674.342426289244,0.12664220875036172
borgo san giacomo,5501,0.0043105001935454,258.6300116127273,46553.40209029091,558640.8250834909,1530.5228084479204,2.755572345808392,borgo san giacomo,43,6.014651432854123,35.593553684835356,1082.6372579137421,12991.647094964905,0.06408307780949749
manerba del garda,5467,0.0042838583090552,257.03149854331576,46265.66973779684,555188.0368535621,1521.0631146672931,2.738540995188961,manerba del garda,47,5.468755288155655,32.36304499292113,984.3759518680179,11812.511422416215,0.05826682968487151
poncarale,5262,0.0041232234172761,247.39340503656987,44530.81290658258,534369.7548789909,1464.0267256958657,2.635851969395338,poncarale,17,14.552553237445286,86.11921915858034,2619.4595827401517,31433.51499288182,0.15505011584678458
montirone,5140,0.0040276260670466,241.6575640227992,43498.36152410386,521980.3382892463,1430.0831186006749,2.574739475996207,montirone,10,24.165756402279918,143.0083118600675,4349.836152410386,52198.03382892463,0.2574739475996207
esine,5130,0.0040197902186671,241.1874131200311,43413.7343616056,520964.8123392671,1427.3008557240196,2.569730255225786,esine,53,4.550705907925115,26.9302048249815,819.1270634265207,9829.524761118248,0.04848547651369408
gottolengo,5050,0.0039571034316314,237.42620589788635,42736.71706161954,512840.60473943455,1405.0427527107795,2.529656489062421,gottolengo,44,5.396050134042872,31.932789834335896,971.2890241277169,11655.468289532604,0.05749219293323684
paratico,5034,0.0039445660742242,236.6739644534574,42601.31360162233,511215.763219468,1400.5911321081314,2.521641735829748,paratico,4,59.16849111336435,350.14778302703286,10650.328400405582,127803.940804867,0.630410433957437
roccafranca,4938,0.0038693419297813,232.1605157868837,41788.89284163907,501466.7140996688,1373.8814084922435,2.47355321643371,roccafranca,27,8.598537621736433,50.88449661082383,1547.7367719125582,18572.841262950697,0.09161308209013741
cellatica,4932,0.0038646404207537,231.8784252452229,41738.116544140124,500857.3985296815,1372.2120507662507,2.470547683971458,cellatica,8,28.984803155652862,171.52650634578134,5217.264568017516,62607.17481621019,0.30881846049643225
padenghe sul garda,4911,0.0038481851391568,230.8911083494099,41560.399502893786,498724.7940347254,1366.369298725275,2.460028320353574,padenghe sul garda,30,7.696370278313664,45.5456432908425,1385.3466500964596,16624.159801157515,0.0820009440117858
piancogno,4854,0.0038035208033938,228.21124820363173,41078.02467665372,492936.2961198446,1350.5104003283411,2.4314757619621767,piancogno,14,16.300803443116553,96.4650285948815,2934.14461976098,35209.735437131756,0.17367684014015547
pian camuno,4842,0.0037941177853385,227.64706712031008,40976.47208165581,491717.6649798697,1347.1716848763554,2.425464697037672,pian camuno,15,15.176471141354005,89.8114456584237,2731.764805443721,32781.17766532464,0.1616976464691781
nuvolera,4791,0.0037541549586032,225.2492975161928,40544.8735529147,486538.4826349764,1332.982144205415,2.3999176711085264,nuvolera,17,13.249958677423106,78.4107143650244,2384.992561936159,28619.910743233904,0.14117162771226627
capriano del colle,4784,0.0037486698647375,224.92019188425516,40485.63453916593,485827.6144699911,1331.0345601917566,2.3964112165692324,capriano del colle,23,9.77913877757631,57.871067834424196,1760.244979963736,21122.93975956483,0.10419179202474924
san zeno naviglio,4744,0.0037173264712197,223.03958827318277,40147.125889172894,481765.5106700747,1319.9055086851365,2.37637433348755,san zeno naviglio,1,223.03958827318277,1319.9055086851365,40147.125889172894,481765.5106700747,2.37637433348755
breno,4713,0.0036930353412433,221.58212047460168,39884.7816854283,478617.3802251396,1311.2804937675055,2.3608457490992456,breno,89,2.4896867469056367,14.733488694016916,448.1436144430146,5377.723373316176,0.0265263567314522
monticelli brusati,4667,0.0036569904386978,219.41942632186849,39495.49673793632,473945.9608552359,1298.4820845348927,2.3378033335553106,monticelli brusati,7,31.345632331695498,185.4974406478418,5642.213819705189,67706.56583646228,0.33397190479361577
gambara,4607,0.0036099753484209,216.5985209052599,38987.73376294678,467852.80515536136,1281.7885072749627,2.307748008932787,gambara,59,3.6711613712755917,21.725228936863775,660.8090468296065,7929.708561955277,0.0391143730327591
collebeato,4521,0.0035425870523575,212.5552231414543,38259.940165461776,459119.2819855413,1257.8610465357297,2.264668710307169,collebeato,8,26.569402892681786,157.2326308169662,4782.492520682722,57389.91024819266,0.2830835887883961
san paolo,4495,0.0035222138465709,211.3328307942573,38039.90954296631,456478.9145155957,1250.6271630564263,2.251644736304076,san paolo,19,11.122780568118804,65.8224822661277,2002.1005022613845,24025.206027136617,0.11850761770021453
edolo,4457,0.0034924376227289,209.5462573637385,37718.32632547293,452619.9159056752,1240.0545641251374,2.232609697376477,edolo,113,1.8543916580861814,10.973934195797677,333.79049845551265,4005.485981466152,0.01975760794138475
roè volciano,4418,0.003461877814049,207.71266884294295,37388.280391729735,448659.3647007569,1229.2037389061832,2.2130737363718374,roè volciano,4,51.92816721073574,307.3009347265458,9347.070097932434,112164.84117518923,0.5532684340929593
marcheno,4223,0.0033090787706494,198.54472623896515,35738.05072301373,428856.6086761648,1174.9496128114104,2.1153939313486347,marcheno,38,5.2248612168148725,30.919726652931853,940.4750190266772,11285.700228320127,0.05566826135127986
vestone,4207,0.0032965414132422,197.79248479453625,35602.64726301652,427231.7671561983,1170.4979922087623,2.107379178115961,vestone,13,15.214806522656634,90.03830709298171,2738.665174078194,32863.982088938326,0.1621060906243047
comezzano-cizzago,4164,0.0032628472652105,195.77083591263343,35238.75046427402,422865.0055712882,1158.5342618391458,2.085839528803153,comezzano-cizzago,22,8.898674359665156,52.660648265415716,1601.761384739728,19221.136616876734,0.09481088767287059
offlaga,4154,0.003255011416831,195.30068500986533,35154.12330177576,421849.4796213092,1155.751998962491,2.0808303080327324,offlaga,36,5.425019028051815,32.10422219340253,976.5034250493268,11718.041100591923,0.05780084188979812
isorella,4121,0.0032291531171788,193.7491870307306,34874.85366553151,418498.2439863781,1146.5705314695292,2.064299879490344,isorella,15,12.916612468715375,76.43803543130194,2324.9902443687674,27899.882932425204,0.13761999196602295
sabbio chiese,4065,0.0031852723662538,191.1163419752293,34400.94155554128,412811.29866649536,1130.989859360261,2.0362482431759887,sabbio chiese,24,7.963180915634553,47.12457747334421,1433.37256481422,17200.47077777064,0.08484367679899953
nuvolento,3948,0.003093592940214,185.61557641284264,33410.80375431167,400929.6450517401,1098.4373837033977,1.977640360162067,nuvolento,7,26.516510916120378,156.91962624334252,4772.971964901668,57275.663578820015,0.2825200514517238
verolavecchia,3871,0.0030332569076921,181.9954144615284,32759.174603075106,393110.09523690125,1077.013959553154,1.9390693602298283,verolavecchia,28,6.499836230768872,38.464784269755505,1169.9705215383967,14039.64625846076,0.06925247715106529
bienno,3828,0.0029995627596604,179.97376557962554,32395.2778043326,388743.3336519912,1065.050229183537,1.917529710917019,bienno,70,2.5710537939946505,15.215003274050531,462.78968291903715,5553.4761950284455,0.027393281584528844
bagolino,3824,0.0029964284203086,179.7857052185183,32361.42693933329,388337.12327199953,1063.9373240328755,1.9155260226088515,bagolino,126,1.4268706763374468,8.443947016133933,256.8367217407404,3082.040660888885,0.015202587481022631
lograto,3819,0.0029925104961189,179.55062976713427,32319.113358084167,387829.36029701,1062.5461925945478,1.9130214122236409,lograto,26,6.905793452582087,40.86716125363645,1243.0428214647757,14916.513857577307,0.07357774662398618
urago d'oglio,3811,0.0029862418174153,179.17450904491977,32251.41162808556,387016.9395370267,1060.3203822932237,1.909014035607304,urago d'oglio,18,9.954139391384432,58.9066879051791,1791.7450904491977,21500.941085390372,0.10605633531151688
pompiano,3767,0.0029517640845456,177.10584507274018,31879.052113093232,382548.6253571188,1048.0784256359418,1.8869734642174532,pompiano,25,7.0842338029096075,41.923137025437676,1275.1620845237294,15301.94501428475,0.07547893856869813
calvagese della riviera,3726,0.0029196371061898,175.178226371391,31532.080746850377,378384.9689622045,1036.6711478416562,1.8664356590587283,calvagese della riviera,19,9.219906651125841,54.56163936008717,1659.5831972026515,19914.998366431817,0.09823345573993307
paderno franciacorta,3695,0.0028953459762134,173.72075857280993,31269.736543105788,375236.8385172695,1028.046132924026,1.850907074670425,paderno franciacorta,5,34.74415171456199,205.6092265848052,6253.947308621157,75047.3677034539,0.370181414934085
pozzolengo,3638,0.0028506816404505,171.04089842703178,30787.36171686572,369448.3406023886,1012.187234527092,1.822354516279027,pozzolengo,36,4.75113606741755,28.116312070196997,855.2044921351588,10262.453905621906,0.050620958785528525
artogne,3636,0.0028491144707746,170.94686824647818,30770.43628436607,369245.2354123929,1011.6307819517612,1.8213526721249431,artogne,14,12.210490589034155,72.25934156798294,2197.888306026148,26374.659672313777,0.13009661943749593
mairano,3572,0.002798965041146,167.9379024687624,30228.82244437723,362745.8693325268,993.8242995411692,1.7892936591942512,mairano,11,15.267082042614762,90.34766359465175,2748.0747676706574,32976.897212047894,0.16266305992675012
san felice del benaco,3517,0.0027558678750589,165.3520725035379,29763.373050636823,357160.4766076419,978.5218537195668,1.761742944956938,san felice del benaco,31,5.333937822694771,31.565221087727963,960.1088080850589,11521.305697020707,0.05683041757925606
puegnago del garda,3506,0.0027472484418415,164.834906510493,29670.28317188874,356043.3980626649,975.4613645552464,1.756232802109475,puegnago del garda,14,11.773921893606643,69.67581175394618,2119.305940849196,25431.67129019035,0.12544520015067678
azzano mella,3469,0.0027182558028375,163.09534817025104,29357.162670645183,352285.9520477422,965.1669919116224,1.7376986852589182,azzano mella,10,16.309534817025103,96.51669919116225,2935.7162670645184,35228.59520477422,0.17376986852589182
remedello,3425,0.0026837780699678,161.02668419807145,28984.803155652862,347817.6378678344,952.9250352543409,1.715658113869068,remedello,28,5.7509530070739805,34.03303697336931,1035.1715412733165,12422.0584952798,0.06127350406675243
sale marasino,3309,0.002592882228766,155.57293372596158,28003.128070673083,336037.53684807697,920.6507858851425,1.657551152932188,sale marasino,24,6.482205571915066,38.360449411880936,1166.7970029447117,14001.56403533654,0.0690646313721745
ome,3210,0.0025153073298092,150.91843978855746,27165.319161940344,325983.82994328416,893.1063834062579,1.6079598673050242,ome,18,8.38435776603097,49.61702130034766,1509.1843978855748,18110.212774626896,0.08933110373916801
marone,3159,0.002475344503074,148.5206701844402,26733.72063319924,320804.6475983909,878.9168427353175,1.5824128413758791,marone,33,4.50062636922546,26.633843719252045,810.112746460583,9721.352957526997,0.04795190428411755
serle,3127,0.0024502697882597,147.0161872955823,26462.913713204816,317554.9645584578,870.0136015300213,1.5663833349105327,serle,22,6.682553967981014,39.54607279681915,1202.8597142365825,14434.31657083899,0.0711992424959333
malonno,3050,0.0023899337557378,143.396025344268,25811.28456196824,309735.4147436189,848.5901773797779,1.5278123349782942,malonno,52,2.757615872005154,16.319041872688036,496.3708569609277,5956.450283531133,0.029381006441890272
pralboino,2840,0.0022253809397689,133.52285638613807,24034.11414950485,288409.36979405826,790.1626569700227,1.422618698799461,pralboino,21,6.358231256482766,37.6267931890487,1144.4816261668977,13733.779514002774,0.06774374756187909
berlingo,2796,0.0021909032068993,131.45419241395845,23661.754634512523,283941.05561415025,777.9207003127405,1.4005781274096096,berlingo,6,21.909032068993074,129.65345005212342,3943.625772418754,47323.50926902504,0.2334296879016016
polpenazze del garda,2770,0.0021705300011126,130.23180006676142,23441.724012017057,281300.6881442047,770.6868168334374,1.387554153406516,polpenazze del garda,14,9.3022714333401,55.049058345245534,1674.4088580012183,20092.90629601462,0.0991110109576083
muscoline,2737,0.0021446717014604,128.68030208762673,23162.45437577281,277949.4525092737,761.505349340476,1.371023724864128,muscoline,14,9.191450149116195,54.393239238605425,1654.4610268409149,19853.53232209098,0.09793026606172342
gargnano,2733,0.0021415373621086,128.49224172651947,23128.603510773504,277543.24212928204,760.3924441898138,1.3690200365559595,gargnano,108,1.1897429789492544,7.040670779535312,214.1537362108658,2569.844834530389,0.012676111449592218
san gervasio bresciano,2720,0.0021313507592153,127.88104555292098,23018.588199525777,276223.0583943093,756.7755024501624,1.3625080495544128,san gervasio bresciano,16,7.992565347057561,47.29846890313515,1438.661762470361,17263.94114964433,0.0851567530971508
pavone del mella,2716,0.0021282164198635,127.69298519181376,22984.737334526475,275816.8480143177,755.6625972995005,1.3605043612462446,pavone del mella,15,8.51286567945425,50.377506486633365,1532.315822301765,18387.78986762118,0.09070029074974964
cividate camuno,2696,0.0021125447231046,126.75268338627754,22815.48300952996,273785.7961143595,750.0980715461905,1.350485919705403,cividate camuno,4,31.688170846569385,187.5245178865476,5703.87075238249,68446.44902858988,0.3376214799263508
gardone riviera,2670,0.002092171517318,125.53029103908052,22595.452387034493,271145.42864441394,742.8641880668876,1.33746194570231,gardone riviera,33,3.8039482133054703,22.511036002026895,684.7106783949846,8216.528140739816,0.04052914986976697
moniga del garda,2661,0.0020851192537764,125.10715522658924,22519.28794078606,270231.4552894327,740.3601514778978,1.3329536470089312,moniga del garda,23,5.439441531590837,32.18957180338686,979.0994756863504,11749.193708236206,0.05795450639169266
polaveno,2495,0.0019550441706773,117.30265024063893,21114.477043315004,253373.72451978005,694.1745877254248,1.2498005822199487,polaveno,9,13.033627804515437,77.13050974726941,2346.0530048127785,28152.636057753338,0.13886673135777208
berzo inferiore,2487,0.0019487754919737,116.92652951842445,21046.7753133164,252561.3037597968,691.9487774241007,1.245793205603612,berzo inferiore,29,4.031949293738774,23.860302669796578,725.7508728729794,8709.010474475752,0.04295838640012455
orzivecchi,2483,0.0019456411526219,116.73846915731718,21012.92444831709,252155.0933798051,690.8358722734387,1.2437895172954436,orzivecchi,8,14.592308644664648,86.35448403417983,2626.6155560396364,31519.386672475637,0.15547368966193045
borno,2473,0.0019378053042424,116.2683182545491,20928.29728581884,251139.56742982604,688.0536093967837,1.2387802965250232,borno,30,3.87561060848497,22.935120313226125,697.6099095272947,8371.318914327534,0.04129267655083411
bassano bresciano,2369,0.001856312481096,111.37874886576095,20048.17479583697,240578.0975500437,659.1180754795716,1.186684400512649,bassano bresciano,15,7.4252499243840635,43.94120503197144,1336.5449863891313,16038.539836669579,0.07911229336750993
alfianello,2366,0.0018539617265821,111.23770359493052,20022.78664708749,240273.43976504996,658.2833966165751,1.1851816342815225,alfianello,25,4.449508143797221,26.331335864663007,800.9114658834997,9610.937590601998,0.0474072653712609
barbariga,2365,0.0018531781417442,111.19068850465372,20014.32393083767,240171.88717005204,658.0051703289097,1.1846807122044805,barbariga,13,8.553129884973362,50.61578233299305,1539.5633792952053,18474.760551542466,0.09112928555419081
capo di ponte,2358,0.0018476930478786,110.86158287271604,19955.084917088887,239461.01900506663,656.0575863152511,1.1811742576651858,capo di ponte,28,3.9593422454541445,23.43062808268754,712.6816041817459,8552.17925018095,0.042184794916613776
angolo terme,2341,0.0018343721056335,110.0623263380103,19811.21874084185,237734.62489010225,651.3277394249377,1.172658582355471,angolo terme,38,2.8963770088950076,17.14020366907731,521.3478616011013,6256.174339213217,0.03085943637777555
paitone,2214,0.0017348568312142,104.09140987285552,18736.453777113995,224837.44532536797,615.993000891419,1.109041478571129,paitone,9,11.565712208095057,68.44366676571322,2081.8281974571105,24981.93836948533,0.12322683095234765
caino,2193,0.0017184015496173,103.10409297704253,18558.736735867657,222704.84083041188,610.1502488504435,1.0985221149532456,caino,17,6.064946645708384,35.89119110884962,1091.6903962275092,13100.28475473011,0.06461894793842621
gianico,2159,0.0016917596651271,101.50557990763102,18271.004383373584,219252.052600483,600.6905550698165,1.0814907643338152,gianico,32,3.1720493721134693,18.771579845931765,570.9688869804245,6851.626643765094,0.033796586385431725
tremosine sul garda,2100,0.0016455281596883,98.73168958129928,17771.70412463387,213260.44949560644,584.2752040975519,1.0519363617883335,tremosine sul garda,96,1.028455099805201,6.086200042682832,185.12191796493616,2221.463015579234,0.010957670435295141
bovegno,2047,0.0016039981632771,96.2398897966284,17323.18016339311,207878.1619607173,569.5292108512804,1.0253874917051042,bovegno,75,1.283198530621712,7.593722811350405,230.97573551190814,2771.708826142897,0.013671833222734723
collio,2021,0.0015836249574905,95.01749744943136,17103.14954089764,205237.7944907717,562.2953273719772,1.0123635177020105,collio,72,1.3196874645754355,7.809657324610795,237.54374362357834,2850.5249234829403,0.014060604412527924
fiesse,2021,0.0015836249574905,95.01749744943136,17103.14954089764,205237.7944907717,562.2953273719772,1.0123635177020105,fiesse,15,6.33449982996209,37.486355158131815,1140.2099693931762,13682.519632718113,0.06749090118013404
visano,2012,0.001576572693949,94.59436163694006,17026.98509464921,204323.82113579052,559.7912907829879,1.007855219008632,visano,15,6.306290775796004,37.31941938553253,1135.1323396432808,13621.588075719368,0.06719034793390881
niardo,1973,0.001546012885269,92.7607731161445,16696.93916090601,200363.2699308721,548.9404655640333,0.9883192580039916,niardo,28,3.312884754148018,19.605016627286904,596.3192557466433,7155.831068959718,0.03529711635728541
sulzano,1969,0.0015428785459172,92.57271275503729,16663.08829590671,199957.0595508805,547.8275604133713,0.9863155696958232,sulzano,15,6.171514183669152,36.52183736089142,1110.8725530604472,13330.470636725368,0.06575437131305488
malegno,1959,0.0015350426975378,92.1025618522692,16578.461133408455,198941.53360090143,545.0452975367164,0.9813063489254028,malegno,11,8.37296016838811,49.54957250333785,1507.1328303098596,18085.59396371831,0.08920966808412753
soiano del lago,1955,0.001531908358186,91.91450149116194,16544.61026840915,198535.3232209098,543.9323923860543,0.9793026606172344,soiano del lago,6,15.319083581860324,90.65539873100904,2757.4350447348584,33089.2205368183,0.1632171101028724
odolo,1946,0.0015248560946445,91.49136567867066,16468.44582216072,197621.34986592864,541.4283557970648,0.9747943619238558,odolo,10,9.149136567867066,54.14283557970648,1646.844582216072,19762.134986592864,0.09747943619238558
corteno golgi,1939,0.0015193710007788,91.162260046733,16409.20680841194,196910.4817009433,539.4807717834062,0.9712879073845612,corteno golgi,99,0.9208309095629595,5.449300725084911,165.74956372133272,1988.9947646559929,0.009810988963480417
idro,1907,0.0014942962859645,89.6577771578751,16138.399888417518,193660.79866101025,530.5775305781102,0.9552584009192152,idro,34,2.636993445819856,15.605221487591477,474.65882024757406,5695.905842970889,0.028095835321153388
ceto,1800,0.0014104527083042,84.62716249825652,15232.889249686174,182794.67099623408,500.8073177979016,0.9016597386757144,ceto,42,2.0149324404346793,11.923983757092895,362.6878392782422,4352.254071338907,0.02146808901608844
milzano,1775,0.0013908630873556,83.4517852413363,15021.321343440532,180255.8561212864,493.8516606062641,0.8891366867496628,milzano,15,5.56345234942242,32.92344404041761,1001.4214228960354,12017.057074752427,0.05927577911664419
ponte di legno,1765,0.0013830272389761,82.9816343385682,14936.694180942275,179240.33017130732,491.0693977296091,0.8841274659792422,ponte di legno,122,0.6801773306440017,4.025158997783681,122.43191951592028,1469.1830341910436,0.007246946442452805
brandico,1759,0.0013783257299484,82.69954379690735,14885.917883443322,178631.01460131985,489.400040003616,0.8811219335169898,brandico,13,6.361503368992873,37.64615692335508,1145.070606418717,13740.847277024604,0.06777861027053768
agnosine,1679,0.0013156389429127,78.93833657476262,14208.90058345727,170506.80700148724,467.141936990376,0.8410481673536248,agnosine,16,4.9336460359226635,29.1963710618985,888.0562864660794,10656.675437592952,0.05256551045960155
monte isola,1645,0.0012889970584225,77.3398235053511,13921.1682309632,167054.0187715584,457.682243209749,0.8240168167341946,monte isola,17,4.549401382667712,26.922484894691117,818.8922488801882,9826.706986562258,0.04847157745495262
lodrino,1641,0.0012858627190707,77.15176314424387,13887.317365963898,166647.80839156677,456.56933805908704,0.8220131284260265,lodrino,25,3.0860705257697547,18.26277352236348,555.4926946385559,6665.912335662671,0.03288052513704106
casto,1631,0.0012780268706912,76.68161224147578,13802.69020346564,165632.28244158768,453.787075182432,0.8170039076556058,casto,42,1.82575267241609,10.804454171010285,328.6354810348962,3943.6257724187544,0.01945247399180014
acquafredda,1548,0.0012129893291416,72.77935974850061,13100.28475473011,157203.41705676133,430.69429330619545,0.7754273752611145,acquafredda,14,5.1985256963214725,30.763878093299674,935.7346253378649,11228.81550405438,0.055387669661508175
berzo demo,1528,0.0011973176323827,71.83905794296443,12931.030429733595,155172.36515680316,425.12976755288537,0.7654089337202731,berzo demo,17,4.225826937821437,25.007633385463844,760.6488488078585,9127.786185694304,0.045024054924721946
maclodio,1509,0.0011824295204617,70.94577122770505,12770.23882098691,153242.86585184291,419.84346808724086,0.755891414256474,maclodio,10,7.094577122770505,41.984346808724084,1277.023882098691,15324.28658518429,0.0755891414256474
preseglie,1498,0.0011738100872443,70.42860523466015,12677.148942238828,152125.78730686594,416.7829789229204,0.7503812714090113,preseglie,20,3.5214302617330078,20.839148946146018,633.8574471119414,7606.289365343297,0.03751906357045057
ossimo,1493,0.0011698921630546,70.1935297832761,12634.8353609897,151618.02433187637,415.3918474845928,0.7478766610238008,ossimo,28,2.5069117779741465,14.835423124449743,451.24412003534644,5414.929440424156,0.02670988075085003
vezza d'oglio,1487,0.0011651906540269,69.91143924161526,12584.059063490746,151008.70876188896,413.7224897585999,0.7448711285615487,vezza d'oglio,58,1.2053696420968147,7.133146375148274,216.96653557742664,2603.5984269291203,0.012842605664854288
cigole,1475,0.0011557876359715,69.34725815829354,12482.506468492838,149790.07762191407,410.3837743066139,0.7388600636370438,cigole,16,4.334203634893346,25.648985894163367,780.1566542808024,9361.87985136963,0.04617875397731524
pezzaze,1474,0.0011550040511336,69.30024306801673,12474.043752243011,149688.52502691612,410.1055480189483,0.7383591415600016,pezzaze,34,2.0382424431769626,12.061927882910243,366.88363977185327,4402.603677262239,0.021716445340000046
corzano,1450,0.0011361980150228,68.17188090137331,12270.938562247196,147251.26274696636,403.4281171149763,0.7263370117109922,corzano,15,4.544792060091554,26.895207807665088,818.0625708164797,9816.750849797758,0.04842246744739948
seniga,1430,0.0011205263182639,67.23157909583712,12101.684237250682,145220.2108470082,397.8635913616663,0.7163185701701509,seniga,22,3.0559808679925964,18.084708698257558,550.0765562386673,6600.918674864009,0.03255993500773413
vallio terme,1427,0.0011181755637501,67.0905338250067,12076.296088501207,144915.5530620145,397.0289124986698,0.7148158039390248,vallio terme,20,3.354526691250335,19.85144562493349,603.8148044250604,7245.777653100724,0.03574079019695124
sellero,1408,0.0011032874518291,66.19724710974734,11915.504479754522,142986.05375705427,391.7426130330254,0.7052982844752258,sellero,15,4.413149807316489,26.116174202201694,794.366965316968,9532.403583803618,0.04701988563168172
villachiara,1382,0.0010829142460425,64.9748547625503,11695.473857259052,140345.68628710863,384.5087295537223,0.692274310472132,villachiara,26,2.499032875482704,14.78879729052778,449.82591758688665,5397.91101104264,0.026625935018158922
bione,1325,0.0010382499102795,62.29499461677216,11213.099031018988,134557.18837222786,368.6498311567887,0.6637217520807341,bione,14,4.449642472626583,26.33213079691348,800.9356450727848,9611.227740873419,0.0474086965771953
sonico,1222,0.000957540671971,57.45244031826082,10341.439257286947,124097.27108744335,339.9925235272421,0.6121267781454017,sonico,79,0.7272460799779851,4.303702829458761,130.9042943960373,1570.8515327524476,0.00774844022968863
tavernole sul mella,1221,0.000956757087133,57.40542522798401,10332.976541037122,123995.71849244546,339.71429723957664,0.6116258560683597,tavernole sul mella,28,2.050193758142286,12.132653472842023,369.0348764656115,4428.418517587338,0.02184378057386999
tignale,1175,0.0009207121845875,55.24273107525079,9943.691593545142,119324.2991225417,326.9158880069636,0.5885834405244248,tignale,63,0.876868747226203,5.189141079475613,157.83637450071654,1894.0364940085985,0.009342594294038489
barghe,1154,0.0009042569029906,54.25541417943779,9765.974552298803,117191.69462758565,321.07313596598806,0.5780640769065414,barghe,1,54.25541417943779,321.07313596598806,9765.974552298803,117191.69462758565,0.5780640769065414
temù,1148,0.0008995553939629,53.973323637776936,9715.198254799849,116582.37905759818,319.403778239995,0.5750585444442889,temù,87,0.6203830303192751,3.6713077958620115,111.66894545746952,1340.0273454896344,0.00660986832694585
limone sul garda,1144,0.0008964210546111,53.7852632766697,9681.347389800549,116176.16867760656,318.29087308933305,0.5730548561361207,limone sul garda,25,2.151410531066788,12.731634923573322,387.25389559202193,4647.046747104262,0.022922194245444828
cedegolo,1111,0.0008705627549589,52.233765297535,9402.0777535563,112824.9330426756,309.10940559637146,0.5565244275937326,cedegolo,3,17.411255099178334,103.03646853212382,3134.0259178520996,37608.311014225204,0.18550814253124417
zone,1036,0.0008117938921129,48.70763352677431,8767.374034819375,105208.4884178325,288.2424340214589,0.5189552718155778,zone,25,1.9483053410709723,11.529697360858357,350.694961392775,4208.3395367133,0.020758210872623112
ono san pietro,980,0.0007679131411878,46.074788471273,8293.461924829138,99521.54309794966,272.66176191219085,0.4909036355012222,ono san pietro,20,2.30373942356365,13.633088095609542,414.6730962414569,4976.077154897483,0.02454518177506111
provaglio val sabbia,885,0.0006934725815829,41.60835489497613,7489.503881095702,89874.04657314843,246.2302645839683,0.4433160381822262,provaglio val sabbia,22,1.8912888588625514,11.192284753816741,340.4319945952592,4085.1839351431104,0.02015072900828301
cevo,828,0.0006488082458199,38.928494749198,7007.129054855641,84085.54865826768,230.37136618703477,0.4147634797908286,cevo,71,0.5482886584394084,3.244667129394856,98.69195851909353,1184.3035022291224,0.005841739151983502
saviore dell'adamello,807,0.000632352964223,37.94117785338501,6829.412013609302,81952.94416331162,224.52861414605923,0.4042441161729453,saviore dell'adamello,117,0.32428357139645303,1.9190479841543524,58.37104285136156,700.4525142163386,0.0034550779160080797
mura,789,0.00061824843714,37.09490622840245,6677.08312111244,80124.99745334928,219.5205409680802,0.3952275187861881,mura,17,2.1820533075530855,12.912972998122365,392.7695953595553,4713.235144314664,0.023248677575658124
brione,760,0.0005955244768395,35.731468610374975,6431.664349867496,77179.97219840995,211.45197862578067,0.3807007785519682,brione,5,7.146293722074995,42.29039572515613,1286.332869973499,15435.994439681988,0.07614015571039365
braone,700,0.0005485093865627,32.91056319376642,5923.901374877956,71086.81649853548,194.75840136585063,0.3506454539294445,braone,17,1.93591548198626,11.45637655093239,348.46478675752684,4181.577441090322,0.020626203172320265
cerveno,669,0.0005242182565864,31.453095395185343,5661.557171133361,67938.68605360034,186.1333864482201,0.3351168695411405,cerveno,31,1.0146159804898498,6.004302788652262,182.63087648817296,2191.570517858075,0.010810221598101306
marmentino,667,0.0005226510869105,31.359065214631723,5644.631738633711,67735.58086360453,185.5769338728891,0.3341150253870564,marmentino,32,0.9799707879572414,5.799279183527784,176.39474183230348,2116.7369019876414,0.010441094543345512
losine,634,0.0004967927872582,29.807567235497014,5365.362102389463,64384.34522867356,176.39546637992754,0.3175845968446683,losine,7,4.258223890785287,25.199352339989648,766.4803003413518,9197.763604096222,0.0453692281206669
vione,632,0.0004952256175823,29.7135370549434,5348.436669889812,64181.240038677744,175.83901380459656,0.3165827526905841,vione,50,0.594270741098868,3.5167802760919313,106.96873339779624,1283.6248007735549,0.006331655053811682
paspardo,588,0.0004607478847127,27.6448730827638,4976.077154897484,59712.9258587698,163.59705714731453,0.2945421813007334,paspardo,14,1.9746337916259857,11.685504081951038,355.4340824926775,4265.208989912128,0.02103872723576667
pertica bassa,563,0.000441158263764,26.46949582584357,4764.5092486518415,57174.1109838221,156.641399955677,0.2820191293746817,pertica bassa,28,0.9453391366372703,5.59433571270275,170.1610445947086,2041.9325351365037,0.01007211176338149
pertica alta,563,0.000441158263764,26.46949582584357,4764.5092486518415,57174.1109838221,156.641399955677,0.2820191293746817,pertica alta,22,1.2031589011747077,7.120063634348955,216.56860221144734,2598.823226537368,0.012819051335212805
longhena,557,0.0004364567547363,26.187405284182717,4713.732951152889,56564.79541383467,154.97204222968404,0.2790135969124295,longhena,7,3.741057897740388,22.138863175669147,673.3904215932698,8080.685059119239,0.03985908527320421
cimbergo,541,0.0004239193973292,25.435163839753766,4578.329491155678,54939.953893868136,150.520421627036,0.2709988436797564,cimbergo,28,0.9083987085626345,5.375729343822714,163.5117675412742,1962.1412104952906,0.009678530131419871
monno,520,0.0004074641157323,24.44784694394077,4400.612449909339,52807.34939891208,144.6776695860605,0.2604794800618731,monno,34,0.7190543218806109,4.255225576060603,129.42977793850997,1553.1573352621201,0.007661161178290386
treviso bresciano,519,0.0004066805308943,24.400831853663963,4392.149733659513,52705.79680391416,144.39944329839494,0.2599785579848309,treviso bresciano,25,0.9760332741465585,5.775977731935797,175.68598934638052,2108.2318721565666,0.010399142319393236
lavenone,493,0.0003863073251077,23.178439506466923,4172.119111164046,50065.42933396856,137.16555981909192,0.2469545839817373,lavenone,54,0.42923036123086894,2.5401029596128133,77.26146502155642,927.1375802586771,0.004573233036698839
anfo,454,0.0003557475164278,21.344850985671368,3842.073177420846,46104.87812905015,126.3147346001374,0.2274186229770968,anfo,27,0.7905500365063469,4.678323503708793,142.29900657114246,1707.5880788537092,0.008422911962114697
lozio,357,0.000279739787147,16.784387228820876,3021.1897011877577,36254.27641425309,99.3267846965838,0.1788291815040167,lozio,32,0.5245121009006524,3.1039620217682438,94.41217816211743,1132.946137945409,0.005588411922000522
incudine,348,0.0002726875236054,16.361251416329594,2945.025254939327,35340.30305927193,96.82274810759432,0.1743208828106381,incudine,36,0.45447920600915537,2.689520780766509,81.80625708164797,981.6750849797759,0.004842246744739947
capovalle,343,0.0002687695994157,16.12617596494555,2902.711673690199,34832.54008428239,95.43161666926682,0.1718162724254278,capovalle,34,0.4742992930866338,2.8068122549784356,85.37387275559409,1024.486473067129,0.005053419777218465
paisco loveno,175,0.0001371273466406,8.227640798441605,1480.975343719489,17771.70412463387,48.68960034146266,0.0876613634823611,paisco loveno,55,0.14959346906257465,0.8852654607538665,26.926824431263437,323.1218931751613,0.0015938429724065655
valvestino,170,0.0001332094224509,7.992565347057561,1438.661762470361,17263.94114964433,47.29846890313515,0.0851567530971508,valvestino,41,0.19494061822091613,1.153621192759394,35.08931127976491,421.0717353571788,0.002076993977979288
irma,134,0.0001050003682848,6.30002209709243,1134.0039774766374,13608.047729719648,37.28232254717712,0.0671235583236365,irma,6,1.0500036828487385,6.2137204245295194,189.0006629127729,2268.0079549532747,0.011187259720606085
magasa,108,8.462716249825652e-05,5.077629749895391,913.9733549811704,10967.680259774044,30.04843906787409,0.0540995843205428,magasa,18,0.28209054166085507,1.669357725993005,50.77629749895391,609.3155699874469,0.003005532462252378
