Comune,Pop_Comune_2030_Conservativo,Quota Popolazione 2030 Conservativo,EV Stimati (2030 - Conservativo),Domanda Mensile (kWh) - Conservativo,Domanda Annua (kWh) - Conservativo,Domanda Giornaliera (kWh) - Conservativo,Colonnine Necessarie - Conservativo,Comune_nome_match,n_esagoni,EV Stimati (2030 - Conservativo) per esagono,Domanda Giornaliera (kWh) - Conservativo per esagono,Domanda Mensile (kWh) - Conservativo per esagono,Domanda Annua (kWh) - Conservativo per esagono,Colonnine Necessarie - Conservativo per esagono
brescia,198222,0.1568692313231978,6274.769252927914,1129458.4655270246,13553501.586324297,37132.881058422725,66.85450200415204,brescia,130,48.267455791753186,285.63754660325174,8688.142042515574,104257.7045101869,0.5142654000319388
desenzano del garda,29343,0.0232215084840057,928.8603393602313,167194.86108484163,2006338.3330180997,5496.817350734519,9.89653848870374,desenzano del garda,75,12.384804524803084,73.2908980097936,2229.264814464555,26751.177773574662,0.13195384651604988
montichiari,26311,0.0208220396592944,832.8815863717768,149918.68554691982,1799024.2265630378,4928.83349743298,8.873933277997619,montichiari,107,7.783940059549316,46.06386446199047,1401.1092107188767,16813.310528626524,0.08293395586913663
lumezzane,21609,0.0171009636652994,684.0385466119769,123126.93839015585,1477523.2606818702,4048.0089333749866,7.28808575136827,lumezzane,52,13.15458743484571,77.84632564182667,2367.8257382722277,28413.908859266732,0.14015549521862058
palazzolo sull'oglio,20264,0.016036555496026,641.4622198410432,115463.19957138775,1385558.3948566532,3796.050396867543,6.8344564609989655,palazzolo sull'oglio,28,22.90936499432297,135.5732284595551,4123.6856989781345,49484.22838773761,0.24408773074996307
rovato,19472,0.0154097813175394,616.3912527015788,110950.42548628418,1331405.10583541,3647.685221466877,6.567337949495255,rovato,43,14.334680295385553,84.82988887132272,2580.2424531693996,30962.90943803279,0.15272878952314548
chiari,19321,0.0152902827052269,611.6113082090798,110090.03547763436,1321080.4257316124,3619.398426661952,6.516410051468664,chiari,48,12.741902254355828,75.40413388879067,2293.542405784049,27522.50886940859,0.13575854273893048
ghedi,18638,0.0147497691144361,589.9907645774457,106198.33762394024,1274380.0514872828,3491.452195855569,6.286054062381499,ghedi,92,6.412943093233105,37.950567346256186,1154.329756781959,13851.957081383509,0.06832667459110325
lonato del garda,17012,0.0134629827328462,538.5193093138485,96933.47567649272,1163201.7081179123,3186.853994843596,5.737651663764034,lonato del garda,95,5.668624308566826,33.54583152466943,1020.3523755420285,12244.22850650434,0.0603963333027793
gussago,16651,0.0131772939974501,527.0917598980068,94876.51678164124,1138518.2013796947,3119.227948985465,5.615896887687217,gussago,25,21.083670395920272,124.7691179594186,3795.06067126565,45540.72805518779,0.2246358755074887
concesio,15776,0.0124848351512686,499.39340605074494,89890.81308913408,1078689.7570696091,2955.314402930436,5.320784895811275,concesio,29,17.220462277611894,101.90739320449778,3099.683209970141,37196.19851964169,0.18347534123487155
darfo boario terme,15733,0.0124508057451134,498.0322298045367,89645.80136481661,1075749.6163777993,2947.259222952875,5.306282249353372,darfo boario terme,48,10.375671454261182,61.40123381151823,1867.6208617670127,22411.450341204152,0.11054754686152858
ospitaletto,14818,0.0117266916373921,469.0676654956858,84432.17978922345,1013186.1574706814,2775.8524862210447,4.9976794235631,ospitaletto,10,46.90676654956858,277.5852486221045,8443.217978922345,101318.61574706814,0.49976794235631
leno,14455,0.0114394201389191,457.57680555676455,82363.82500021762,988365.9000026116,2707.8517808290726,4.875250105790566,leno,67,6.829504560548725,40.41569822132944,1229.3108208987705,14751.729850785247,0.072764926952098
travagliato,13851,0.0109614256896692,438.4570275867691,78922.26496561844,947067.1795874212,2594.704601609373,4.671538513684202,travagliato,20,21.922851379338454,129.73523008046865,3946.1132482809217,47353.35897937106,0.2335769256842101
rezzato,13442,0.0106377506404255,425.51002561702046,76591.80461106368,919101.655332764,2518.08672693908,4.53359473691019,rezzato,39,10.9105134773595,64.56632633177128,1963.8924259247096,23566.709111096512,0.11624601889513307
manerbio,13418,0.0106187574835016,424.7502993400669,76455.05388121205,917460.6465745446,2513.590812532999,4.525500236561593,manerbio,45,9.438895540890375,55.857573611844415,1699.0011973602677,20388.014368323213,0.10056667192359095
sarezzo,13227,0.0104676036096494,418.70414438597896,75366.74598947621,904400.9518737146,2477.810827051273,4.461081504620673,sarezzo,34,12.314827776058205,72.8767890309198,2216.668999690477,26600.027996285724,0.13120827954766687
carpenedolo,13055,0.0103314859850286,413.25943940114576,74386.69909220624,892640.3891064748,2445.5901071410267,4.403070918789059,carpenedolo,32,12.914357481285805,76.42469084815708,2324.584346631445,27895.012159577338,0.13759596621215808
calcinato,12961,0.0102570961204102,410.2838448164114,73851.09206695405,886213.1048034485,2427.981109050544,4.371367459090386,calcinato,52,7.8900739387771415,46.69194440481816,1420.2133089798856,17042.559707758624,0.08406475882866128
mazzano,12718,0.0100647904065564,402.5916162622576,72466.49092720637,869597.8911264765,2382.459975688977,4.289410643060839,mazzano,15,26.839441084150508,158.8306650459318,4831.099395147091,57973.192741765095,0.2859607095373893
bagnolo mella,12549,0.009931046926551,397.2418770620436,71503.53787116783,858042.4544540141,2350.8012450794904,4.2324118697728,bagnolo mella,52,7.639266866577762,45.20771625152866,1375.0680359839969,16500.81643180796,0.08139253595716923
orzinuovi,12504,0.0098954347573188,395.8173902927558,71247.13025269605,854965.5630323526,2342.3714055680894,4.21723468161918,orzinuovi,68,5.820843974893468,34.446638317177786,1047.7519154808242,12573.02298576989,0.062018157082635
gavardo,12349,0.0097727706188524,390.9108247540979,70363.94845573763,844367.3814688516,2313.335291695484,4.164957700201155,gavardo,47,8.317251590512722,49.219899823308175,1497.10528629229,17965.26343550748,0.08861612128087563
bedizzole,12306,0.0097387412126972,389.5496485078897,70118.93673142014,841427.2407770416,2305.2801117179224,4.150455053743252,bedizzole,42,9.27499163114023,54.88762170756958,1669.4984936052413,20033.981923262898,0.09882035842245837
castenedolo,11654,0.0092227604495996,368.9104179839872,66403.8752371177,796846.5028454124,2183.1411036860613,3.930554460939693,castenedolo,33,11.17910357527234,66.15579102078974,2012.2386435490212,24146.863722588252,0.11910771093756645
gardone val trompia,11441,0.0090541961819006,362.1678472760252,65190.21250968453,782282.5501162143,2143.239863332094,3.858715770345892,gardone val trompia,20,18.10839236380126,107.1619931666047,3259.5106254842262,39114.12750581071,0.1929357885172946
castel mella,10964,0.0086767071880393,347.06828752157503,62472.2917538835,749667.501046602,2053.8835645112385,3.697837575917521,castel mella,12,28.922357293464586,171.1569637092699,5206.024312823625,62472.2917538835,0.3081531313264601
botticino,10765,0.0085192222618792,340.7688904751692,61338.40028553046,736060.8034263655,2016.604940894152,3.630720677193736,botticino,23,14.816038716311704,87.67847569105008,2666.8869689361068,32002.643627233283,0.15785742074755374
cazzago san martino,10758,0.0085136825911097,340.5473036443911,61298.5146559904,735582.1758718847,2015.2936325257117,3.628359781258727,cazzago san martino,29,11.743010470496245,69.49288388019696,2113.7418846893243,25364.902616271887,0.125115854526163
villa carcina,10686,0.0084567031203382,338.26812481353073,60888.26246643553,730659.1495972264,2001.8058893074697,3.604076280212937,villa carcina,12,28.18901040112756,166.81715744228913,5074.021872202961,60888.26246643553,0.30033969001774474
nave,10618,0.0084028891757207,336.1155670288293,60500.80206518927,726009.6247822712,1989.0674651569077,3.5811418625585776,nave,39,8.618347872534084,51.00172987581815,1551.3026170561352,18615.631404673622,0.09182415032201481
salò,10493,0.008303966483409,332.15865933636326,59788.558680545386,717462.7041665446,1965.651244291903,3.5389830065762995,salò,37,8.977261063144953,53.12570930518657,1615.9069913660915,19390.883896393098,0.09564818936692701
rodengo saiano,9930,0.0078584186772374,314.3367470894965,56580.61447610938,678967.3737133126,1860.1845855159247,3.349099519232122,rodengo saiano,17,18.49039688761744,109.42262267740733,3328.27143977114,39939.25727725368,0.19700585407247775
capriolo,9462,0.0074880521172225,299.522084688904,53913.97524400272,646967.7029280326,1772.5142545973497,3.191256762434476,capriolo,15,19.968138979260267,118.16761697315664,3594.2650162668483,43131.18019520217,0.21275045082896507
roncadelle,9309,0.0073669707418331,294.6788296733256,53042.18934119861,636506.2720943834,1743.8528002585845,3.139654322712168,roncadelle,19,15.509412088069768,91.78172632939918,2791.6941758525586,33500.3301102307,0.165244964353272
borgosatollo,9145,0.0072371841695202,289.4873667808103,52107.72602054585,625292.7122465502,1713.1307184836994,3.0843419036634203,borgosatollo,6,48.247894463468384,285.5217864139499,8684.621003424309,104215.4520410917,0.5140569839439034
iseo,9037,0.0071517149633629,286.06859853451965,51492.34773621354,617908.1728345625,1692.8991036563357,3.047916652094732,iseo,31,9.22801930756515,54.60964850504309,1661.0434753617271,19932.521704340725,0.09831989200305587
coccaglio,8815,0.0069760282618175,279.0411304727001,50227.40348508602,602728.8418210322,1651.3118954000884,2.973042523870207,coccaglio,11,25.367375497518193,150.11926321818984,4566.127589553274,54793.53107463929,0.27027659307910973
erbusco,8815,0.0069760282618175,279.0411304727001,50227.40348508602,602728.8418210322,1651.3118954000884,2.973042523870207,erbusco,18,15.502285026261116,91.73954974444935,2790.411304727001,33484.93565672401,0.1651690291039004
flero,8772,0.0069419988556622,277.6799542264918,49982.39176076853,599788.7011292223,1643.256715422527,2.958539877412304,flero,16,17.35499713915574,102.70354471390793,3123.899485048033,37486.79382057639,0.184908742338269
calvisano,8416,0.0066602670279587,266.41068111834875,47953.92260130277,575447.0712156333,1576.5673183989954,2.8384714555747776,calvisano,53,5.026616624874505,29.746553177339536,904.7909924774108,10857.49190972893,0.053556065199524105
castegnato,8382,0.0066333600556499,265.334402225998,47760.19240067963,573122.3088081556,1570.198106323714,2.827004246747597,castegnato,19,13.964968538210423,82.64200559598494,2513.6943368778752,30164.332042534505,0.14878969719724194
vobarno,8348,0.0066064530833411,264.25812333364723,47566.4622000565,570797.546400678,1563.8288942484328,2.815537037920418,vobarno,72,3.670251712967323,21.719845753450457,660.645308334118,7927.743700009417,0.039104681082228025
sirmione,8329,0.0065914168341098,263.6566733643924,47458.20120559064,569498.4144670877,1560.2696286769526,2.809128891811113,sirmione,35,7.533047810411212,44.57913224791293,1355.9486058740183,16271.38327048822,0.0802608254803175
verolanuova,8096,0.0064070249356408,256.28099742563586,46130.57953661445,553566.9544393735,1516.6217929845848,2.730544784260147,verolanuova,21,12.203857020268375,72.22008538021832,2196.6942636483072,26360.331163779687,0.13002594210762605
pisogne,7899,0.0062511227725577,250.04491090230948,45008.08396241571,540097.0075489886,1479.7178289013386,2.6641024272320784,pisogne,60,4.167415181705158,24.66196381502231,750.1347327069285,9001.616792483142,0.044401707120534636
cologne,7640,0.006046154954088,241.84619816352,43532.3156694336,522387.7880332032,1431.19941926905,2.576749277636799,cologne,20,12.092309908176,71.5599709634525,2176.61578347168,26119.389401660163,0.12883746388183995
castrezzato,7631,0.0060390325202415,241.56130080966244,43481.03414573924,521772.4097488709,1429.5134513667697,2.5737138400060746,castrezzato,19,12.71375267419276,75.23755007193525,2288.475481354697,27461.705776256364,0.13545862315821444
toscolano-maderno,7620,0.0060303273233181,241.21309293272543,43418.35672789058,521020.280734687,1427.4528239306494,2.570003860679635,toscolano-maderno,81,2.9779394189225363,17.62287436951419,536.0290954060566,6432.349144872679,0.031728442724439934
bovezzo,7345,0.0058126974002325,232.5078960093003,41851.421281674055,502217.0553800886,1375.93713802764,2.477254377518624,bovezzo,7,33.21541371561433,196.56244828966285,5978.7744688105795,71745.29362572695,0.3538934825026606
corte franca,7209,0.0057050695109974,228.2027804398973,41076.50047918152,492918.00575017824,1350.4602897265158,2.4313855422099064,corte franca,20,11.410139021994866,67.52301448632579,2053.825023959076,24645.900287508914,0.12156927711049532
adro,7187,0.0056876591171505,227.5063646860233,40951.1456434842,491413.7477218104,1346.339034854275,2.4239655835570253,adro,19,11.974019194001226,70.85994920285658,2155.3234549202207,25863.881459042652,0.12757713597668555
provaglio d'iseo,7175,0.0056781625386886,227.1265015475466,40882.77027855839,490593.2433427007,1344.0910776512346,2.4199183333827268,provaglio d'iseo,23,9.875065284675939,58.438742506575416,1777.5117512416691,21330.14101490003,0.10521384058185769
pontevico,7036,0.0055681605048381,222.7264201935245,40090.7556348344,481089.0676180128,1318.05224004935,2.3730376855304343,pontevico,43,5.179684190547081,30.65237767556628,932.3431542984745,11188.117851581692,0.055186922919312424
pontoglio,6984,0.0055270086648364,221.0803465934586,39794.46238682255,477533.5486418706,1308.3110921695086,2.355499601441807,pontoglio,16,13.817521662091162,81.76944326059429,2487.1538991764096,29845.846790116913,0.14721872509011294
passirano,6924,0.0054795257725268,219.18103090107493,39452.58556219349,473431.0267463219,1297.0713061543065,2.335263350570313,passirano,21,10.437191947670234,61.76530029306222,1878.6945505806423,22544.33460696771,0.11120301669382443
castelcovati,6909,0.0054676550494494,218.70620197797905,39367.11635603623,472405.39627243474,1294.2613596505062,2.3302042878524407,castelcovati,9,24.30068910866434,143.80681773894514,4374.124039559581,52489.48847471497,0.2589115875391601
prevalle,6835,0.0054090928156009,216.36371262403915,38945.468272327045,467345.6192679246,1280.3989568984234,2.305246245110932,prevalle,16,13.522732039002447,80.02493480615146,2434.0917670204403,29209.101204245286,0.14407789031943324
torbole casaglia,6472,0.0051218213171279,204.872852685118,36877.11348332124,442525.3617998549,1212.3982515064515,2.1828169273383984,torbole casaglia,17,12.051344275595177,71.31754420626186,2169.241969607132,26030.903635285584,0.12840099572578814
quinzano d'oglio,6242,0.0049398035632745,197.5921425309806,35566.585655576506,426799.02786691807,1169.312405114844,2.1052446323310074,quinzano d'oglio,42,4.7045748221662045,27.84077155035343,846.8234679899168,10161.881615879001,0.05012487219835732
rudiano,5947,0.004706346009419,188.25384037676093,33885.69126781697,406628.2952138037,1114.0501238734346,2.005749732212833,rudiano,16,11.765865023547558,69.62813274208966,2117.8557042385605,25414.26845086273,0.12535935826330205
villanuova sul clisi,5847,0.0046272078555697,185.08831422278817,33315.89656010187,399790.75872122246,1095.3171471814314,1.9720226474270115,villanuova sul clisi,12,15.424026185232348,91.27642893178596,2776.3247133418226,33315.89656010187,0.16433522061891762
dello,5647,0.004468931547871,178.75726191484262,32176.30714467167,386115.68573606,1057.851193797425,1.9045684778553669,dello,37,4.831277349049801,28.590572805335807,869.6299228289641,10435.559073947568,0.051474823725820726
trenzano,5507,0.004358138132482,174.3255252992807,31378.594553870527,376543.1346464463,1031.62502642862,1.857350559155216,trenzano,22,7.923887513603669,46.892046655846364,1426.2997524486602,17115.597029383924,0.08442502541614617
borgo san giacomo,5447,0.0043106552401724,172.42620960689706,31036.71772924147,372440.6127508977,1020.3852404134184,1.8371143082837231,borgo san giacomo,43,4.009911851323188,23.729889311939964,721.7841332381737,8661.409598858087,0.04272358856473775
manerba del garda,5413,0.0042837482678636,171.3499307145463,30842.98752861833,370115.85034342,1014.016028338137,1.8256470994565432,manerba del garda,47,3.6457432066924746,21.57480911357738,656.2337772046453,7874.805326455745,0.03884355530758603
poncarale,5210,0.0041230978155495,164.92391262198157,29686.304271956684,356235.6512634802,975.9880856533704,1.7571811173413248,poncarale,17,9.701406624822445,57.411063861962965,1746.2531924680402,20955.03830961648,0.10336359513772499
montirone,5089,0.0040273406493918,161.0936259756745,28996.85267562141,347962.23210745695,953.3211838560464,1.7163713447504805,montirone,10,16.10936259756745,95.33211838560464,2899.685267562141,34796.223210745695,0.17163713447504805
esine,5079,0.0040194268340069,160.77707336027723,28939.8732048499,347278.47845819884,951.4478861868462,1.7129986362718983,esine,53,3.0335296860429666,17.951846909185775,546.0353434877339,6552.424121852809,0.03232072898626223
gottolengo,5000,0.0039569076924659,158.27630769863873,28489.73538575497,341876.82462905964,936.6488346001634,1.6863542392910984,gottolengo,44,3.5971888113326984,21.287473513640077,647.4939860398857,7769.927832478628,0.038326232711161326
paratico,4985,0.0039450369693885,157.80147877554285,28404.26617959771,340851.19415517256,933.8388880963632,1.6812951765732258,paratico,4,39.45036969388571,233.4597220240908,7101.066544899428,85212.79853879314,0.42032379414330645
roccafranca,4889,0.0038690643416932,154.76257366772896,27857.26326019121,334287.1591222945,915.8552304720398,1.648917175178836,roccafranca,27,5.731947172878851,33.92056409155703,1031.750491118193,12381.005893418316,0.06107100648810504
cellatica,4883,0.0038643160524622,154.5726420984906,27823.07557772831,333876.9069327397,914.7312518705196,1.646893550091687,cellatica,8,19.321580262311326,114.34140648381495,3477.8844472160386,41734.613366592464,0.20586169376146088
padenghe sul garda,4862,0.0038476970401539,153.9078816061563,27703.418689108137,332441.02426929766,910.797326765199,1.6398108622866645,padenghe sul garda,30,5.13026272020521,30.3599108921733,923.4472896369379,11081.367475643256,0.05466036207622215
piancogno,4806,0.0038033796739982,152.13518695993156,27384.33365278768,328612.0038334522,900.3068598176773,1.620923694806604,piancogno,14,10.86679906856654,64.30763284411981,1956.0238323419774,23472.285988103726,0.11578026391475742
pian camuno,4794,0.0037938830955363,151.75532382145482,27315.958287861868,327791.4994543424,898.0589026146367,1.6168764446323054,pian camuno,15,10.117021588096987,59.87059350764245,1821.0638858574578,21852.766630289494,0.10779176297548702
nuvolera,4744,0.0037543140186117,150.17256074446846,27031.060934004323,324372.7312080519,888.6924142686354,1.600012902239395,nuvolera,17,8.833680043792262,52.27602436874326,1590.0624078826072,19080.74889459129,0.09411840601408206
capriano del colle,4737,0.0037487743478422,149.95097391369035,26991.17530446426,323894.1036535711,887.3811059001948,1.5976520063043866,capriano del colle,23,6.519607561464798,38.581787213051946,1173.5293610636636,14082.352332763961,0.06946313070888638
san zeno naviglio,4697,0.0037171190863025,148.68476345210124,26763.25742137822,321159.08905653865,879.8879152233935,1.584161172390058,san zeno naviglio,1,148.68476345210124,879.8879152233935,26763.25742137822,321159.08905653865,1.584161172390058
breno,4666,0.0036925862586092,147.70345034436968,26586.621061986545,319039.45274383854,874.0806924488727,1.5737057761064537,breno,89,1.659589329712019,9.82113137583003,298.7260793481634,3584.712952177961,0.017682087371982624
monticelli brusati,4621,0.003656974089377,146.27896357508192,26330.213443514745,315962.56132217695,865.6508529374711,1.5585285879528334,monticelli brusati,7,20.896994796440275,123.66440756249587,3761.4590633592493,45137.50876031099,0.22264694113611908
gambara,4562,0.0036102825786059,144.411303144238,25994.03456596284,311928.41479155404,854.5983966891891,1.5386296079291983,gambara,59,2.447649205834542,14.484718587952358,440.57685705021765,5286.9222846026105,0.026078467931003362
collebeato,4476,0.0035422237662955,141.6889506518214,25504.01111732785,306048.1334079342,838.4880367340663,1.5096243150133914,collebeato,8,17.711118831477673,104.81100459175829,3188.001389665981,38256.01667599178,0.18870303937667393
san paolo,4451,0.0035224392278332,140.89756911332822,25361.56244039908,304338.74928478897,833.8047925610657,1.5011925438169362,san paolo,19,7.415661532280432,43.88446276637188,1334.819075810478,16017.828909725735,0.0790101338851019
edolo,4413,0.0034923667293704,139.69466917481856,25145.04045146734,301740.48541760806,826.6862614181042,1.4883762515983234,edolo,113,1.2362360103966243,7.315807623169063,222.5224818713924,2670.2697824567085,0.013171471253082509
roè volciano,4375,0.0034622942309077,138.4917692363089,24928.5184625356,299142.2215504272,819.567730275143,1.4755599593797113,roè volciano,4,34.622942309077224,204.89193256878576,6232.1296156339,74785.5553876068,0.3688899898449278
marcheno,4182,0.0033095575939785,132.38230375914145,23828.81467664546,285945.7761197455,783.4130852595767,1.410466685743075,marcheno,38,3.4837448357668803,20.61613382262044,627.0740704380383,7524.888845256461,0.03711754436165987
vestone,4166,0.0032968954893626,131.8758195745058,23737.647523411048,284851.77028093254,780.4158089888563,1.4050703521773436,vestone,13,10.144293813423523,60.0319853068351,1825.9728864162344,21911.674636994812,0.10808233478287257
comezzano-cizzago,4123,0.0032628660832074,130.5146433282975,23492.63579909355,281911.6295891226,772.3606290112948,1.39056770571944,comezzano-cizzago,22,5.932483787649886,35.10730131869522,1067.8470817769796,12814.164981323755,0.06320762298724728
offlaga,4113,0.0032549522678225,130.19809071290024,23435.65632832204,281227.8759398645,770.4873313420945,1.387194997240858,offlaga,36,3.6166136309138954,21.402425870613737,650.9904535645011,7811.885442774013,0.03853319436780161
isorella,4080,0.0032288366770522,129.1534670820892,23247.624074776057,278971.48889731267,764.3054490337333,1.3760650592615364,isorella,15,8.610231138805947,50.95369660224889,1549.8416049850705,18598.099259820843,0.09173767061743576
sabbio chiese,4025,0.0031853106924351,127.41242769740418,22934.236985532752,275210.843826393,754.0023118531316,1.3575151626293342,sabbio chiese,24,5.308851154058508,31.416762993880482,955.5932077305314,11467.118492766376,0.05656313177622226
nuvolento,3909,0.0030935104339698,123.74041735879575,22273.27512458324,267279.30149499886,732.2720588904078,1.318391744277781,nuvolento,7,17.677202479827965,104.61029412720112,3181.8964463690345,38182.75735642841,0.18834167775396873
verolavecchia,3833,0.0030333654370444,121.33461748177646,21840.23114671976,262082.77376063715,718.0349966044854,1.2927591598405563,verolavecchia,28,4.333379195777731,25.644107021588763,780.0082552399915,9360.099062879899,0.04616996999430558
bienno,3790,0.0029993360308892,119.97344123556816,21595.21942240227,259142.63306882727,709.979816626924,1.278256513382653,bienno,70,1.7139063033652595,10.142568808956058,308.5031346057467,3702.037615268961,0.0182608073340379
bagolino,3786,0.0029961705047352,119.84682018940926,21572.427634093667,258869.131609124,709.2304975592439,1.27690742999122,bagolino,126,0.9511652395984862,5.6288134726924115,171.2097431277275,2054.51691753273,0.01013418595231127
lograto,3782,0.0029930049785812,119.72019914325034,21549.635845785066,258595.6301494208,708.4811784915637,1.275558346599787,lograto,26,4.604623043971167,27.249276095829373,828.8321479148102,9945.985774977722,0.04905993640768412
urago d'oglio,3774,0.0029866739262733,119.46695705093254,21504.052269167856,258048.62723001427,706.9825403562035,1.2728601798169217,urago d'oglio,18,6.637053169496252,39.27680779756686,1194.6695705093252,14336.034846111905,0.07071445443427343
pompiano,3730,0.0029518531385796,118.07412554318452,21253.34259777321,255040.1111732785,698.740030611722,1.2580202625111596,pompiano,25,4.722965021727381,27.94960122446888,850.1337039109285,10201.60444693114,0.050320810500446386
calvagese della riviera,3689,0.0029194064955013,116.77625982005566,21019.726767610016,252236.7212113202,691.0595101680005,1.2441921577489723,calvagese della riviera,19,6.146118937897666,36.371553166736874,1106.3014088215798,13275.616905858958,0.0654837977762617
paderno franciacorta,3658,0.0028948736678081,115.7949467123241,20843.09040821834,250117.0848986201,685.2522873934797,1.233736761465368,paderno franciacorta,5,23.15898934246482,137.05045747869593,4168.618081643668,50023.41697972402,0.2467473522930736
pozzolengo,3602,0.0028505563016524,114.02225206609936,20524.005371897885,246288.0644627746,674.7618204459578,1.2148495939853077,pozzolengo,36,3.167284779613871,18.743383901276605,570.1112603304969,6841.335123965961,0.03374582205514744
artogne,3600,0.0028489735385754,113.9589415430199,20512.609477743583,246151.313732923,674.3871609121178,1.214175052289591,artogne,14,8.139924395929993,48.1705114937227,1465.1863912673987,17582.236695208787,0.0867267894492565
mairano,3537,0.0027991165016504,111.96466006601705,20153.63881188307,241843.66574259684,662.5853855961558,1.1929269888745235,mairano,11,10.178605460547004,60.23503505419598,1832.1489828984609,21985.787794781532,0.10844790807950214
san felice del benaco,3482,0.0027555905170333,110.22362068133204,19840.251722639765,238083.0206716772,652.2822484155539,1.1743770922423211,san felice del benaco,31,3.555600667139743,21.04136285211464,640.0081200851537,7680.097441021845,0.03788313200781681
puegnago del garda,3471,0.0027468853201098,109.875412804395,19777.574304791106,237330.8916574932,650.2216209794335,1.1706671129158808,puegnago del garda,14,7.8482437717425,46.444401498530965,1412.6838789136505,16952.2065469638,0.08361907949399149
azzano mella,3435,0.0027183955847241,108.73582338896482,19572.448210013667,234869.378520164,643.4777493703124,1.158525362392985,azzano mella,10,10.873582338896481,64.34777493703123,1957.2448210013667,23486.9378520164,0.1158525362392985
remedello,3391,0.0026835747970304,107.3429918812168,19321.73853861902,231860.86246342823,635.2352396258309,1.1436854450872231,remedello,28,3.8336782814720287,22.686972843779674,690.062090664965,8280.74508797958,0.04084590875311511
sale marasino,3276,0.0025925659201037,103.70263680414811,18666.47462474666,223997.69549695996,613.6923164300272,1.104899297583528,sale marasino,24,4.320943200172838,25.570513184584467,777.7697760311108,9333.237312373332,0.046037470732646996
ome,3179,0.0025158019108698,100.63207643479451,18113.77375826301,217365.2850991561,595.521329038784,1.0721840253412809,ome,18,5.590670913044139,33.08451827993244,1006.320764347945,12075.84917217534,0.059565779185626715
marone,3128,0.0024754414524067,99.0176580962684,17823.17845732831,213878.14148793972,585.9675109258624,1.0549832121005114,marone,33,3.0005350938263153,17.75659124017765,540.0963168887367,6481.15580266484,0.03196918824547004
serle,3096,0.0024501172431749,98.0046897269971,17640.844150859477,211690.1298103137,579.9729583844212,1.0441905449690485,serle,22,4.4547586239544135,26.362407199291873,801.8565523117944,9622.27862774153,0.047463206589502205
malonno,3020,0.0023899722462494,95.5988898499778,17207.800172996005,206493.60207595205,565.7358960984988,1.0185579605318236,malonno,52,1.8384401894226499,10.879536463432668,330.91923409607705,3971.030809152924,0.019587653087150454
pralboino,2812,0.0022253648862428,89.01459544971443,16022.6271809486,192271.5261713832,526.771304579132,0.948405624177314,pralboino,21,4.238790259510211,25.084347837101525,762.9822467118381,9155.786960542056,0.045162172579872095
berlingo,2769,0.0021913354800876,87.65341920350613,15777.615456631103,189331.38547957325,518.7161246015705,0.9339029777194104,berlingo,6,14.608903200584356,86.45268743359509,2629.6025761051837,31555.230913262207,0.1556504962865684
polpenazze del garda,2743,0.0021707595600868,86.83038240347321,15629.468832625178,187553.6259915021,513.8455506616497,0.9251339356750968,polpenazze del garda,14,6.2021701716766575,36.70325361868926,1116.3906309017984,13396.68757082158,0.06608099540536407
muscoline,2710,0.0021446439693165,85.78575877266219,15441.436579079194,185297.23894895037,507.6636683532886,0.9140039976957754,muscoline,14,6.127554198047299,36.26169059666347,1102.959755648514,13235.51706778217,0.06528599983541253
gargnano,2706,0.0021414784431625,85.65913772650329,15418.644790770591,185023.7374892471,506.9143492856085,0.9126549143043426,gargnano,108,0.7931401641342897,4.693651382274153,142.76522954417214,1713.182754530066,0.008450508465780951
san gervasio bresciano,2693,0.0021311904831621,85.24761932648683,15344.57147876763,184134.8577452116,504.47906231564815,0.908270393282186,san gervasio bresciano,16,5.327976207905427,31.52994139472801,959.0357174229769,11508.428609075725,0.05676689958013662
pavone del mella,2689,0.0021280249570081,85.12099828032792,15321.779690459029,183861.35628550831,503.729743247968,0.9069213098907528,pavone del mella,15,5.674733218688528,33.58198288319787,1021.4519793639353,12257.423752367222,0.06046142065938352
cividate camuno,2669,0.0021121973262383,84.48789304953337,15207.820748916009,182493.8489869921,499.9831479095674,0.9001758929335887,cividate camuno,4,21.121973262383342,124.99578697739184,3801.955187229002,45623.46224674802,0.22504397323339717
gardone riviera,2644,0.002092412787776,83.69651151104017,15065.37207198723,180784.4648638468,495.2999037365665,0.8917441217371331,gardone riviera,33,2.536257924576975,15.009087992017166,456.52642642385547,5478.317117086267,0.027022549143549488
moniga del garda,2635,0.0020852903539295,83.41161415718261,15014.09054829287,180169.08657951443,493.6139358342861,0.8887086841064089,moniga del garda,23,3.6265919198775047,21.461475471055916,652.7865455779508,7833.43854693541,0.038639508004626476
polaveno,2470,0.0019547124000781,78.18849600312754,14073.929280562958,168887.15136675548,462.7045242924808,0.8330589942098027,polaveno,9,8.687610667014171,51.41161381027565,1563.769920062551,18765.23904075061,0.09256211046775585
berzo inferiore,2462,0.0019483813477702,77.93525391080972,14028.34570394575,168340.148447349,461.2058861571205,0.830360827426937,berzo inferiore,29,2.687422548648611,15.90365124679726,483.73605875674997,5804.832705081,0.028633131980239205
orzivecchi,2458,0.0019452158216162,77.8086328646508,14005.553915637143,168066.64698764574,460.4565670894404,0.8290117440355042,orzivecchi,8,9.72607910808135,57.55707088618005,1750.694239454643,21008.330873455718,0.10362646800443802
borno,2448,0.0019373020062313,77.49208024925353,13948.574444865637,167382.89333838763,458.5832694202401,0.825639035556922,borno,30,2.5830693416417843,15.286108980674669,464.9524814955212,5579.429777946254,0.02752130118523073
bassano bresciano,2346,0.001856581089305,74.2632435722013,13367.383842996234,160408.6061159548,439.4756331943967,0.7912374090753835,bassano bresciano,15,4.950882904813421,29.298375546293116,891.1589228664157,10693.907074396988,0.05274916060502557
alfianello,2343,0.0018542069446895,74.16827778758211,13350.29000176478,160203.48002117738,438.9136438936367,0.7902255965318089,alfianello,25,2.9667311115032846,17.556545755745468,534.0116000705913,6408.139200847096,0.03160902386127236
barbariga,2342,0.001853415563151,74.13662252604239,13344.59205468763,160135.10465625155,438.7263141267166,0.7898883256839506,barbariga,13,5.702817117387876,33.748178009747434,1026.5070811298176,12318.084973557812,0.06076064043722697
capo di ponte,2335,0.0018478758923816,73.9150356952643,13304.706425147571,159656.47710177087,437.4150057582764,0.7875274297489431,capo di ponte,28,2.639822703402296,15.621964491367013,475.1680866124133,5702.01703934896,0.028125979633890824
angolo terme,2318,0.0018344224062272,73.37689624908893,13207.841324836008,158494.09589803207,434.23039972063583,0.7817938253353534,angolo terme,38,1.9309709539233928,11.427115782121996,347.57477170621075,4170.897260474529,0.020573521719351406
paitone,2192,0.001734708332377,69.38833329508323,12489.89999311498,149878.79991737977,410.6268490887117,0.7392976985052178,paitone,9,7.7098148105648034,45.6252054543013,1387.7666659016643,16653.199990819976,0.08214418872280198
caino,2172,0.0017188807016072,68.75522806428867,12375.94105157196,148511.29261886352,406.880253750311,0.7325522815480532,caino,17,4.044425180252275,23.934132573547707,727.9965324454093,8735.958389344913,0.043091310679297244
gianico,2138,0.0016919737292984,67.67894917193793,12182.210850948828,146186.53021138592,400.5110416750299,0.7210850727208737,gianico,32,2.1149671616230603,12.515970052344684,380.6940890921509,4568.32906910581,0.022533908522527304
tremosine sul garda,2079,0.0016452822185273,65.81128874109399,11846.031973396915,142152.383680763,389.458585426748,0.7011860926972387,tremosine sul garda,96,0.6855342577197291,4.0568602648619585,123.3961663895512,1480.7539966746147,0.00730402179892957
bovegno,2027,0.0016041303785257,64.16521514102814,11549.738725385065,138596.8647046208,379.7174375469063,0.6836480086086114,bovegno,75,0.8555362018803753,5.062899167292084,153.99651633846753,1847.9581960616106,0.009115306781448153
collio,2001,0.0015835544585248,63.342178340995225,11401.59210137914,136819.1052165497,374.8468636069855,0.6748789665642978,collio,72,0.879752476958267,5.20620643898591,158.35544585248806,1900.2653502298572,0.009373318980059692
fiesse,2001,0.0015835544585248,63.342178340995225,11401.59210137914,136819.1052165497,374.8468636069855,0.6748789665642978,fiesse,15,4.222811889399682,24.989790907132367,760.1061400919426,9121.273681103314,0.04499193110428652
visano,1992,0.0015764320246784,63.05728098713767,11350.31057768478,136203.72693221737,373.1608957047051,0.6718435289335737,visano,15,4.2038187324758445,24.87739304698034,756.687371845652,9080.248462147825,0.04478956859557158
niardo,1954,0.0015463595262157,61.85438104862802,11133.788588753045,133605.4630650365,366.0423645617439,0.6590272367149613,niardo,28,2.209085037451001,13.072941591490855,397.63530674118016,4771.623680894161,0.023536687025534332
sulzano,1950,0.0015431940000617,61.727760002469104,11110.996800444438,133331.96160533326,365.2930454940637,0.6576781533235284,sulzano,15,4.115184000164607,24.352869699604245,740.7331200296292,8888.79744035555,0.04384521022156856
malegno,1940,0.0015352801846767,61.41120738707183,11054.01732967293,132648.20795607514,363.4197478248634,0.6543054448449462,malegno,11,5.582837035188349,33.0381588931694,1004.9106663339027,12058.92799600683,0.059482313167722387
soiano del lago,1936,0.0015321146585228,61.28458634091293,11031.225541364329,132374.70649637192,362.67042875718334,0.6529563614535134,soiano del lago,6,10.214097723485489,60.44507145953056,1838.5375902273881,22062.451082728654,0.10882606024225223
odolo,1927,0.0015249922246763,60.99968898705537,10979.944017669966,131759.3282120396,360.98446085490303,0.6499209238227894,odolo,10,6.099968898705537,36.0984460854903,1097.9944017669966,13175.93282120396,0.06499209238227895
corteno golgi,1920,0.0015194525539069,60.77810215627728,10940.05838812991,131280.70065755892,359.6731524864628,0.6475600278877819,corteno golgi,99,0.6139202238007806,3.6330621463279074,110.5056402841405,1326.067683409686,0.006541010382704868
idro,1888,0.0014941283446751,59.76513378700599,10757.724081661076,129092.68897993292,353.6785999450217,0.6367673607563188,idro,34,1.7577980525589998,10.402311763088873,316.4036494606199,3796.8437935274387,0.018728451786950553
ceto,1782,0.0014102419015948,56.40967606379485,10153.741691483072,121844.90029779686,333.8216446514983,0.6010166508833475,ceto,42,1.3430875253284487,7.948134396464245,241.75575455912076,2901.069054709449,0.014309920259127322
milzano,1758,0.001391248744671,55.64994978684138,10016.990961631447,120203.8915395774,329.3257302454175,0.5929221505347503,milzano,15,3.709996652456092,21.955048683027833,667.7993974420965,8013.59276930516,0.03952814336898335
ponte di legno,1748,0.0013833349292861,55.333397171444105,9960.01149085994,119520.13789031928,327.4524325762172,0.5895494420561681,ponte di legno,122,0.45355243583150906,2.684036332591944,81.63943844967164,979.6732613960597,0.00483237247587023
brandico,1742,0.0013785866400551,55.14346560220574,9925.823808397032,119109.88570076438,326.3284539746969,0.5875258169690187,brandico,13,4.241805046323519,25.102188767284378,763.5249083382332,9162.298900058799,0.04519429361300144
agnosine,1662,0.0013152761169756,52.61104467902752,9469.988042224952,113639.85650669943,311.3420726210944,0.5605441491403612,agnosine,16,3.28819029243922,19.4588795388184,591.8742526390595,7102.491031668715,0.035034009321272576
monte isola,1629,0.0012891605262054,51.5664210482165,9281.95578867897,111383.46946414764,305.1601903127333,0.54941421116104,monte isola,17,3.033318885189206,17.950599430160782,545.997399334057,6551.968792008684,0.03231848300947294
lodrino,1625,0.0012859950000514,51.4398000020576,9259.164000370369,111109.9680044444,304.4108712450532,0.5480651277696071,lodrino,25,2.057592000082304,12.176434849802128,370.36656001481475,4444.398720177775,0.021922605110784286
casto,1615,0.0012780811846665,51.12324738666032,9202.184529598857,110426.21435518628,302.53757357585283,0.544692419291025,casto,42,1.2172201758728647,7.203275561329829,219.09963165711565,2629.195579885388,0.012968867125976785
acquafredda,1533,0.00121318789851,48.52751594040264,8734.952869272474,104819.43443126968,287.17653268841013,0.5170362097666509,acquafredda,14,3.4662511386001884,20.51260947774358,623.9252049480339,7487.102459376406,0.036931157840475064
berzo demo,1513,0.0011973602677402,47.89441070960809,8620.993927729456,103451.92713275348,283.42993735000954,0.5102907928094865,berzo demo,17,2.81731827703577,16.672349255882914,507.11728986643857,6085.407478397264,0.03001710545938156
maclodio,1494,0.0011823240185088,47.29296074035326,8512.732933263587,102152.79519916304,279.8706717785289,0.5038826467001803,maclodio,10,4.729296074035326,27.98706717785289,851.2732933263587,10215.279519916305,0.050388264670018036
preseglie,1483,0.0011736188215854,46.94475286341625,8450.055515414924,101400.66618497908,277.81004434240845,0.5001726673737398,preseglie,20,2.3472376431708124,13.890502217120423,422.5027757707462,5070.0333092489545,0.02500863336868699
ossimo,1478,0.0011696619138929,46.78647655571761,8421.56578002917,101058.78936035004,276.8733955078083,0.4984863131344487,ossimo,28,1.670945591275629,9.888335553850297,300.7702064296132,3609.2424771553588,0.017803082611944597
vezza d'oglio,1472,0.0011649136246619,46.596544986479245,8387.378097566265,100648.53717079516,275.74941690628816,0.4964626880472995,vezza d'oglio,58,0.8033887066634352,4.754300291487727,144.60996719941835,1735.31960639302,0.008559701518056888
cigole,1460,0.0011554170462,46.21668184800252,8319.002732640452,99828.03279168544,273.50145970324775,0.4924154378730008,cigole,16,2.8885426155001577,17.093841231452984,519.9376707900283,6239.25204948034,0.03077596486706255
pezzaze,1459,0.0011546256646615,46.18502658646278,8313.304785563301,99759.65742675962,273.31412993632773,0.4920781670251426,pezzaze,34,1.3583831348959643,8.038650880480228,244.50896428127356,2934.107571375283,0.01447288726544537
corzano,1436,0.0011364238892762,45.45695557104904,8182.252002788828,98187.02403346592,269.0055452971669,0.4843209375244034,corzano,15,3.030463704736603,17.933703019811126,545.4834668525885,6545.801602231061,0.03228806250162689
seniga,1416,0.0011205962585063,44.823850340254495,8068.293061245809,96819.51673494972,265.2589499587664,0.4775755205672393,seniga,22,2.037447742738841,12.057224998125745,366.74059369299135,4400.8871243158965,0.021707978207601786
vallio terme,1413,0.0011182221138908,44.72888455563531,8051.199220014356,96614.39064017226,264.6969606580062,0.4765637080236645,vallio terme,20,2.2364442277817655,13.234848032900311,402.5599610007178,4830.719532008613,0.023828185401183224
sellero,1394,0.0011031858646595,44.12743458638048,7942.938225548487,95315.25870658184,261.1376950865256,0.4701555619143583,sellero,15,2.9418289724253652,17.409179672435037,529.5292150365658,6354.350580438789,0.03134370412762389
villachiara,1369,0.0010834013261971,43.33605304788729,7800.489548619712,93605.87458343654,256.4544509135248,0.4617237907179028,villachiara,26,1.6667712710725882,9.863632727443262,300.01882879306584,3600.22594551679,0.017758607335303954
bione,1312,0.001038292578503,41.53170314012281,7475.706565222105,89708.47878266526,245.7766541990829,0.4424993523899843,bione,14,2.9665502242944863,17.555475299934493,533.9790403730075,6407.74848447609,0.03160709659928459
sonico,1210,0.0009575716615767,38.30286646307058,6894.515963352705,82734.19156023246,226.6690179732396,0.4080977259084459,sonico,79,0.484846410924944,2.8692280756106276,87.27235396648993,1047.2682475978793,0.005165793998841087
tavernole sul mella,1209,0.0009567802800382,38.271211201530846,6888.8180162755525,82665.81619530663,226.48168820631955,0.4077604550605876,tavernole sul mella,28,1.3668289714832444,8.08863172165427,246.029214866984,2952.3505784038084,0.014562873395020987
tignale,1164,0.000921168110806,36.8467244322431,6632.410397803758,79588.92477364509,218.05184869491805,0.3925832669069677,tignale,63,0.5848686417816366,3.4611404554748897,105.27635552069458,1263.3162662483348,0.006231480427094725
barghe,1143,0.0009045490984977,36.18196393990882,6512.753509183587,78153.04211020304,214.11792358959732,0.3855005791019451,barghe,1,36.18196393990882,214.11792358959732,6512.753509183587,78153.04211020304,0.3855005791019451
temù,1137,0.0008998008092667,35.99203237067045,6478.565826720681,77742.78992064817,212.9939449880772,0.3834769540147958,temù,87,0.4137015215019592,2.4482062642307723,74.46627387035265,893.5952864442318,0.0044077810806298365
limone sul garda,1133,0.0008966352831127,35.86541132451154,6455.774038412077,77469.28846094492,212.24462592039703,0.3821278706233629,limone sul garda,25,1.4346164529804617,8.489785036815881,258.2309615364831,3098.771538437797,0.015285114824934515
cedegolo,1100,0.0008705196923425,34.820787693700524,6267.741784866094,75212.90141839313,206.062743612036,0.3709979326440417,cedegolo,3,11.606929231233508,68.687581204012,2089.2472616220316,25070.967139464377,0.1236659775480139
zone,1026,0.000811957458494,32.47829833976067,5846.09370115692,70153.12441388305,192.2003408599536,0.3460398899025335,zone,25,1.2991319335904268,7.688013634398144,233.8437480462768,2806.124976555322,0.01384159559610134
ono san pietro,971,0.0007684314738768,30.73725895507565,5532.706611913616,66392.4793429634,181.89720367935175,0.3274899932703314,ono san pietro,20,1.5368629477537825,9.094860183967587,276.6353305956808,3319.62396714817,0.01637449966351657
provaglio val sabbia,876,0.00069325022772,27.730009108801507,4991.401639584271,59896.819675011255,164.10087582194865,0.2954492627238005,provaglio val sabbia,22,1.2604549594909775,7.459130719179484,226.88189270837594,2722.5827125005117,0.013429511941990933
cevo,820,0.0006489328615644,25.957314462576758,4672.316603263816,56067.79923916579,153.6104088744268,0.2765620952437401,cevo,71,0.36559597834615154,2.1635268855553074,65.80727610230727,789.6873132276871,0.003895240778080846
saviore dell'adamello,799,0.000632313849256,25.29255397024247,4552.659714643644,54631.916575723735,149.6764837691061,0.2694794074387175,saviore dell'adamello,117,0.21617567495933734,1.279286186060736,38.91162149268072,466.9394579121687,0.002303242798621517
mura,781,0.0006180689815631,24.72275926252737,4450.096667254927,53401.16000705912,146.30454796454555,0.2634085321772696,mura,17,1.454279956619257,8.606149880267385,261.77039219146627,3141.2447062975953,0.01549461953983939
brione,753,0.0005959102984853,23.836411939414997,4290.554149094699,51486.64978913638,141.0593144907846,0.2539649484372394,brione,5,4.767282387882999,28.21186289815692,858.1108298189398,10297.329957827276,0.05079298968744787
braone,693,0.0005484274061757,21.937096247031327,3948.677324465639,47384.12789358766,129.81952847558264,0.2337286975657462,braone,17,1.2904174262959605,7.636442851504861,232.27513673327286,2787.301640799274,0.01374874691563213
cerveno,662,0.0005238945784824,20.95578313929977,3772.0409650739584,45264.4915808875,124.01230570106163,0.2232733012821414,cerveno,31,0.6759930044935409,4.000396958098762,121.67874080883738,1460.1448897060484,0.007202364557488432
marmentino,660,0.0005223118154055,20.89247261622032,3760.645070919657,45127.74085103588,123.6376461672216,0.222598759586425,marmentino,32,0.652889769256885,3.863676442725675,117.52015846623928,1410.2419015948713,0.006956211237075781
losine,628,0.0004969876061737,19.879504246949026,3578.3107644508245,42939.7291734099,117.64309362578054,0.2118060924549619,losine,7,2.839929178135575,16.806156232254363,511.1872520644035,6134.247024772842,0.0302580132078517
vione,626,0.0004954048430967,19.81619372386957,3566.9148702965226,42802.97844355827,117.26843409194046,0.2111315507592455,vione,50,0.3963238744773914,2.345368681838809,71.33829740593045,856.0595688711654,0.00422263101518491
paspardo,582,0.000460584055403,18.42336221612155,3316.205198901879,39794.46238682255,109.02592434745902,0.1962916334534838,paspardo,14,1.3159544440086821,7.787566024818502,236.8717999215628,2842.461599058754,0.014020830960963128
pertica bassa,558,0.0004415908984792,17.663635939168085,3179.4544690502557,38153.45362860306,104.53000994137824,0.1881971331048866,pertica bassa,28,0.6308441406845745,3.7332146407635087,113.55194532322342,1362.6233438786808,0.006721326182317378
pertica alta,558,0.0004415908984792,17.663635939168085,3179.4544690502557,38153.45362860306,104.53000994137824,0.1881971331048866,pertica alta,22,0.8028925426894584,4.751364088244466,144.52065768410253,1734.2478922092303,0.008554415141131208
longhena,552,0.0004368426092482,17.473704369929717,3145.266786587349,37743.20143904819,103.40603133985806,0.1861735080177373,longhena,7,2.496243481418531,14.772290191408294,449.3238266553356,5391.8859198640275,0.026596215431105328
cimbergo,536,0.0004241805046323,16.967220185294074,3054.0996333529333,36649.1956002352,100.40875506913754,0.1807771744520058,cimbergo,28,0.6059721494747884,3.586026966754912,109.0749869054619,1308.899842865543,0.006456327659000207
monno,515,0.0004075614923239,16.30245969295979,2934.442744732762,35213.31293679315,96.47482996381684,0.1736944866469831,monno,34,0.4794841086164644,2.8374949989357896,86.3071395509636,1035.6856746115632,0.005108661371970091
treviso bresciano,514,0.0004067701107855,16.270804431420064,2928.744797655612,35144.93757186734,96.2875001968968,0.1733572157991249,treviso bresciano,25,0.6508321772568025,3.851500007875872,117.14979190622448,1405.7975028746937,0.006934288631964995
lavenone,488,0.0003861941907846,15.447767631387142,2780.5981736496856,33367.17808379623,91.41692625697596,0.1645881737548112,lavenone,54,0.28606977095161373,1.692906041795851,51.492558771290476,617.9107052554857,0.0030479291436076145
anfo,449,0.0003553303107834,14.21321243133776,2558.3782376407967,30700.53885168956,84.1110653470947,0.1514346106883407,anfo,27,0.5264152752347319,3.1152246424849888,94.75474954225173,1137.0569945070206,0.005608689284753359
lozio,354,0.0002801490646265,11.205962585063624,2017.0732653114524,24204.87918373743,66.3147374896916,0.1193938801418098,lozio,32,0.35018633078323824,2.0723355465528623,63.033539540982886,756.4024744917947,0.003731058754431556
incudine,345,0.0002730266307801,10.921065231206072,1965.7917416170933,23589.50089940512,64.62876958741128,0.1163584425110858,incudine,36,0.30336292308905755,1.7952435996503135,54.60532615603037,655.2639138723645,0.0032321789586412723
capovalle,340,0.0002690697230876,10.762788923507436,1937.3020062313385,23247.62407477606,63.69212075281112,0.1146720882717947,capovalle,34,0.3165526153972775,1.8732976692003271,56.97947077150996,683.7536492581194,0.003372708478582197
paisco loveno,173,0.0001369090061593,5.4763602463729,985.744844347122,11828.938132165466,32.40804967716566,0.058347856679472,paisco loveno,55,0.0995701862976891,0.5892372668575574,17.922633533584037,215.07160240300846,0.0010608701214449455
valvestino,168,0.0001329520984668,5.3180839386742615,957.2551089613672,11487.061307536404,31.47140084256549,0.0566615024401809,valvestino,41,0.1297093643579088,0.7675951425015973,23.34768558442359,280.172227013083,0.0013819878643946562
irma,133,0.0001052537446195,4.21014978478379,757.8269612610823,9093.923535132988,24.914859000364352,0.0448570227651432,irma,6,0.7016916307972983,4.152476500060725,126.30449354351371,1515.6539225221647,0.0074761704608572
magasa,107,8.467782461877173e-05,3.3871129847508694,609.6803372551565,7316.164047061878,20.0442850604435,0.0360879807208295,magasa,18,0.18817294359727052,1.113571392246861,33.87112984750869,406.4535581701043,0.002004887817823861
