Comune,Pop_tot,Quota Popolazione,EV Stimati (Attuali),Domanda Mensile (kWh) - Attuali,Domanda Annua (kWh) - Attuali,Domanda Giornaliera (kWh) - Attuali,Colonnine Necessarie - Attuali,Comune_nome_match,n_esagoni,EV Stimati (Attuali) per esagono,Domanda Giornaliera (kWh) - Attuali per esagono,Domanda Mensile (kWh) - Attuali per esagono,Domanda Annua (kWh) - Attuali per esagono,Colonnine Necessarie - Attuali per esagono
brescia,197236,0.156869419704993,1568.69419704993,282364.9554689874,3388379.465627849,9283.23141267904,16.713645572168268,brescia,130,12.066878438845615,71.40947240522338,2172.038118992211,26064.45742790653,0.12856650440129436
desenzano del garda,29197,0.0232215034127982,232.21503412798276,41798.70614303689,501584.4737164427,1374.2040375792951,2.47413408186435,desenzano del garda,75,3.0962004550397704,18.32272050105727,557.3160819071586,6687.792982885902,0.032988454424857996
montichiari,26180,0.0208219666180449,208.2196661804496,37479.53991248093,449754.4789497712,1232.2040519171817,2.218475537322625,montichiari,107,1.9459781886023326,11.515925718852165,350.2760739484199,4203.312887381039,0.020733416236660043
lumezzane,21501,0.0171005769386777,171.00576938677798,30781.03848962004,369372.4618754405,1011.9793476039464,1.821980234070808,lumezzane,52,3.288572488207269,19.46114130007589,591.9430478773085,7103.316574527702,0.035038081424438615
palazzolo sull'oglio,20163,0.0160364137860825,160.36413786082528,28865.54481494855,346386.5377793826,949.0042130941988,1.7085990167699037,palazzolo sull'oglio,28,5.727290637886617,33.8930076105071,1030.912314819591,12370.947777835094,0.06102139345606799
rovato,19375,0.0154096869069755,154.09686906975597,27737.436432556075,332849.2371906729,911.9157183306106,1.6418244284043486,rovato,43,3.5836481179013018,21.207342286758387,645.0566612222343,7740.679934666811,0.03818196345126392
chiari,19225,0.0152903861051151,152.9038610511514,27522.69498920725,330272.33987048705,904.8557256725672,1.6291135296037988,chiari,48,3.185497105232321,18.85116095151182,573.3894789418177,6880.673747301814,0.03393986520007914
ghedi,18545,0.0147495558033477,147.4955580334774,26549.20044602593,318590.4053523112,872.8504256227704,1.57149078837464,ghedi,92,1.6032125873204066,9.487504626334461,288.57826571767316,3462.9391886120784,0.017081421612767825
lonato del garda,16927,0.0134626978206129,134.6269782061295,24232.85607710331,290794.2729252397,796.6966381513417,1.434382559979376,lonato del garda,95,1.4171260863803106,8.386280401593071,255.08269554845592,3060.9923465814704,0.01509876378925659
gussago,16568,0.0131771712348269,131.77171234826926,23718.908222688468,284626.8986722616,779.7997223897579,1.4039611421833935,gussago,25,5.27086849393077,31.191988895590317,948.7563289075387,11385.075946890465,0.05615844568733574
concesio,15698,0.0124852265840362,124.8522658403628,22473.407851265303,269680.8942151836,738.8517649731058,1.3302379291402044,concesio,29,4.305250546219407,25.47764706803813,774.9450983194932,9299.341179833918,0.04587027341862774
darfo boario terme,15655,0.0124510270208362,124.51027020836284,22411.848637505307,268942.1836500637,736.8279004111334,1.3265941381507138,darfo boario terme,48,2.5939639626742257,15.35058125856528,466.91351328136057,5602.962159376327,0.02763737787813987
ospitaletto,14744,0.0117264734842037,117.26473484203778,21107.6522715668,253291.8272588016,693.9502116679496,1.249396612768708,ospitaletto,10,11.726473484203778,69.39502116679496,2110.76522715668,25329.18272588016,0.1249396612768708
leno,14383,0.0114393562210596,114.39356221059614,20590.841197907303,247090.09437488767,676.9591626709251,1.2188057163220516,leno,67,1.7073666001581513,10.103868099566046,307.3259880284672,3687.9118563416073,0.01819113009435898
travagliato,13782,0.0109613576749387,109.6135767493872,19730.44381488969,236765.32577867637,648.6721254210311,1.1678773817945154,travagliato,20,5.480678837469361,32.43360627105155,986.5221907444845,11838.266288933819,0.05839386908972577
rezzato,13375,0.0106376548325573,106.37654832557348,19147.778698603222,229773.3443832387,629.5160120088732,1.133388476382357,rezzato,39,2.7276038032198326,16.141436205355724,490.9686845795698,5891.624214954839,0.029061242984163
manerbio,13351,0.0106185667042596,106.18566704259676,19113.42006766741,229361.04081200896,628.3864131835862,1.1313547325742688,manerbio,45,2.3596814898354834,13.964142515190805,424.74266817038693,5096.912018044643,0.025141216279428193
sarezzo,13161,0.0104674523552364,104.6745235523643,18841.414239425576,226096.9708731069,619.4437558167313,1.1152542607602391,sarezzo,34,3.0786624574224795,18.218933994609742,554.1592423360463,6649.910908032556,0.03280159590471292
carpenedolo,12990,0.0103314494411155,103.3144944111551,18596.60899400792,223159.30792809505,611.3953641865617,1.1007638361276124,carpenedolo,32,3.2285779503485967,19.106105130830052,581.1440310627474,6973.72837275297,0.03439886987898789
calcinato,12897,0.010257482943962,102.57482943962026,18463.469299131648,221561.63158957977,607.0181687385747,1.0928830788712711,calcinato,52,1.9725928738388512,11.673426321895667,355.0667172909932,4260.8006074919185,0.02101698228598598
mazzano,12655,0.0100650109836271,100.65010983627158,18117.019770528885,217404.2372463466,595.6280472502647,1.072376162139718,mazzano,15,6.710007322418106,39.708536483350976,1207.8013180352589,14493.615816423107,0.07149174414264788
bagnolo mella,12487,0.0099313940855434,99.31394085543448,17876.509353978203,214518.11224773843,587.7208554732559,1.058139955483102,bagnolo mella,52,1.9098834779891247,11.30232414371646,343.7790260380424,4125.348312456508,0.02034884529775196
orzinuovi,12442,0.0098956038449853,98.9560384498531,17812.086920973557,213745.0430516827,585.602857675843,1.054326685842937,orzinuovi,68,1.4552358595566632,8.611806730527103,261.94245472019935,3143.309456642393,0.015504804203572602
gavardo,12288,0.0097731216884085,97.73121688408575,17591.619039135436,211099.42846962524,578.3545985469185,1.0412768297410395,gavardo,47,2.0793875932784203,12.305416990359967,374.28976679011566,4491.477201481388,0.02215482616470297
bedizzole,12245,0.0097389221252085,97.3892212520858,17530.059825375443,210360.7179045053,576.330733984946,1.0376330387515489,bedizzole,42,2.3187909821925192,13.722160332974905,417.3823767946534,5008.58852153584,0.024705548541703544
castenedolo,11596,0.0092227473224923,92.22747322492336,16600.945180486207,199211.3421658345,545.784499084478,0.9826372166078364,castenedolo,33,2.7947719159067685,16.538924214681153,503.0589448632184,6036.707338358621,0.02977688535175262
gardone val trompia,11384,0.0090541355225295,90.5413552252956,16297.443940553208,195569.3272866385,535.8063761277767,0.9646724796363928,gardone val trompia,20,4.52706776126478,26.790318806388836,814.8721970276604,9778.466364331925,0.04823362398181964
castel mella,10909,0.0086763496499714,86.76349649971448,15617.429369948606,187409.15243938327,513.4497327106391,0.9244213001013182,castel mella,12,7.230291374976207,42.78747772588659,1301.4524474957173,15617.429369948606,0.07703510834177651
botticino,10711,0.0085188725915156,85.18872591515645,15333.970664728162,184007.64797673796,504.1305424020217,0.9076429136845924,botticino,23,3.703857648485063,21.918719234870508,666.6943767273114,8000.332520727738,0.03946273537759097
cazzago san martino,10704,0.0085133052207621,85.13305220762157,15323.949397371884,183887.3927684626,503.8010760779797,0.9070497384072336,cazzago san martino,29,2.9356224899179852,17.37245089924068,528.4120481852374,6340.944578222849,0.03127757718645633
villa carcina,10633,0.0084568361745482,84.56836174548208,15222.305114186776,182667.6613702413,500.4593462198391,0.9010332463083064,villa carcina,12,7.0473634787901736,41.704945518319924,1268.5254261822313,15222.305114186775,0.07508610385902553
nave,10565,0.0084027531443714,84.02753144371468,15124.955659868643,181499.4679184237,497.25881621485945,0.8952709721853906,nave,39,2.1545520883003766,12.750226056791268,387.8193758940678,4653.832510728813,0.022955665953471555
salò,10441,0.0083041311481668,83.04131148166823,14947.436066700282,179369.23280040338,491.4225556175435,0.8847632958436027,salò,37,2.244359769774817,13.28169069236604,403.9847585594671,4847.817102713605,0.02391252150928656
rodengo saiano,9881,0.0078587414878877,78.58741487887787,14145.734678198016,169748.8161383762,465.0652496941813,0.8373092736548835,rodengo saiano,17,4.622789110522227,27.356779393775373,832.1020398940009,9985.22447872801,0.04925348668558138
capriolo,9415,0.0074881136634413,74.88113663441302,13478.604594194345,161743.25513033214,443.1322058365264,0.7978207480478422,capriolo,15,4.992075775627535,29.542147055768428,898.5736396129563,10782.883675355475,0.05318804986985615
roncadelle,9263,0.0073672221842227,73.67222184222707,13260.999931600873,159131.99917921046,435.9780799430424,0.7849403705966184,roncadelle,19,3.8774853601172143,22.94621473384434,697.9473648210985,8375.368377853181,0.041312651084032544
borgosatollo,9100,0.0072375819795343,72.37581979534345,13027.64756316182,156331.77075794182,428.3062212546352,0.7711278605666876,borgosatollo,6,12.062636632557242,71.38437020910587,2171.2745938603034,26055.295126323635,0.12852131009444792
iseo,8992,0.0071516854021948,71.51685402194818,12873.033723950672,154476.40468740807,423.2230265408441,0.761976013430292,iseo,31,2.3069952910305864,13.652355694865939,415.25915238550556,4983.109828626067,0.02457987140097716
coccaglio,8771,0.0069759155541204,69.75915554120411,12556.64799741674,150679.77596900088,412.82130402466,0.7432486225308151,coccaglio,11,6.341741412836737,37.52920945678727,1141.5134543106126,13698.161451727354,0.06756805659371047
erbusco,8771,0.0069759155541204,69.75915554120411,12556.64799741674,150679.77596900088,412.82130402466,0.7432486225308151,erbusco,18,3.875508641178006,22.934516890258887,697.5915554120411,8371.098664944493,0.04129159014060084
flero,8728,0.0069417159909204,69.41715990920413,12495.088783656744,149941.06540388093,410.79743946268746,0.7396048315413241,flero,16,4.338572494325258,25.674839966417967,780.9430489785465,9371.316587742558,0.046225301971332754
calvisano,8374,0.0066601660985297,66.60166098529737,11988.298977353526,143859.58772824233,394.135856789705,0.7096071103720267,calvisano,53,1.2566351129301392,7.436525599805754,226.19432032742503,2714.3318439291006,0.013388813403245787
castegnato,8340,0.0066331245834413,66.33124583441366,11939.62425019446,143275.49100233353,392.5355917872152,0.7067259733105687,castegnato,19,3.4911182018112457,20.659767988800798,628.4012763260242,7540.815315912291,0.037196103858450985
vobarno,8306,0.0066060830683529,66.06083068352997,11890.949523035397,142691.39427642475,390.93532678472536,0.7038448362491109,vobarno,72,0.9175115372712496,5.429657316454519,165.15207670882495,1981.8249205058992,0.009775622725682095
sirmione,8288,0.0065917669721297,65.91766972129741,11865.180549833534,142382.16659800243,390.08812766576006,0.7023195283930447,sirmione,35,1.883361992037069,11.145375076164573,339.00515856667243,4068.061902800069,0.020066272239801276
verolanuova,8056,0.0064072483985855,64.0724839858557,11533.047117454023,138396.5654094483,379.16867235465287,0.682660004914861,verolanuova,21,3.0510706659931284,18.05565106450728,549.192719878763,6590.312638545157,0.03250761928166005
pisogne,7860,0.0062513620174879,62.513620174879065,11252.451631478232,135029.4195777388,369.9436152814761,0.6660510971488093,pisogne,60,1.0418936695813177,6.165726921357935,187.5408605246372,2250.4903262956464,0.01110085161914682
cologne,7602,0.0060461646382879,60.46164638287922,10883.09634891826,130597.1561870191,357.80042790964137,0.6441883512118636,cologne,20,3.023082319143961,17.89002139548207,544.154817445913,6529.857809350955,0.03220941756059318
castrezzato,7593,0.0060390065901762,60.39006590176295,10870.21186231733,130442.54234780796,357.3768283501588,0.6434256972838307,castrezzato,19,3.1784245211454185,18.809306755271518,572.1164138061753,6865.396965674103,0.03386451038335951
toscolano-maderno,7582,0.0060302578647065,60.30257864706528,10854.464156471751,130253.569877661,356.8590955552356,0.6424935647051238,toscolano-maderno,81,0.7444762795933986,4.405667846360934,134.00573032681174,1608.0687639217406,0.007932019317347206
bovezzo,7308,0.0058123350666414,58.12335066641428,10462.203119954567,125546.43743945484,343.9628422998763,0.6192749895627861,bovezzo,7,8.303335809487754,49.13754889998233,1494.6004457077954,17935.20534849355,0.08846785565182659
corte franca,7173,0.005704964344967,57.04964344967018,10268.935820940633,123227.2298512876,337.6088489076372,0.6078351806422913,corte franca,20,2.852482172483509,16.88044244538186,513.4467910470316,6161.36149256438,0.030391759032114562
adro,7151,0.0056874668940274,56.87466894027484,10237.440409249471,122849.28491099364,336.57338331779084,0.6059709154848774,adro,19,2.9934036284355177,17.714388595673203,538.8126531183932,6465.7518374207175,0.03189320607815144
provaglio d'iseo,7139,0.0056779228298786,56.77922829878647,10220.261093781564,122643.13312537878,336.00858390514736,0.6049540435808334,provaglio d'iseo,23,2.4686620999472377,14.60906886544119,444.3591779905028,5332.310135886034,0.0263023497209058
pontevico,7001,0.005568166092167,55.68166092167028,10022.69896590065,120272.3875908078,329.5133906597474,0.5932600166843276,pontevico,43,1.294922347015588,7.6631021083662185,233.08602246280583,2797.0322695536697,0.01379674457405413
pontoglio,6949,0.0055268084808554,55.26808480855403,9948.255265539725,119379.0631864767,327.0659265382924,0.5888535717668036,pontoglio,16,3.454255300534627,20.441620408643274,621.7659540962328,7461.191449154794,0.03680334823542523
passirano,6890,0.0054798834987902,54.7988349879029,9863.790297822525,118365.48357387028,324.28899609279523,0.5838539515719207,passirano,21,2.609468332757281,15.442333147275964,469.7042998963107,5636.451598755728,0.027802569122472413
castelcovati,6875,0.0054679534186042,54.679534186042446,9842.31615348764,118107.79384185169,323.5829968269909,0.5825828616918657,castelcovati,9,6.07550379844916,35.9536663141101,1093.5906837208488,13123.088204650187,0.06473142907687396
prevalle,6801,0.005409098356353,54.09098356353086,9736.377041435557,116836.52449722668,320.1000671156895,0.5763121516169278,prevalle,16,3.380686472720679,20.006254194730595,608.5235650897223,7302.282781076668,0.03601950947605799
torbole casaglia,6440,0.0051219810932089,51.21981093208921,9219.565967776058,110634.7916133127,303.1090181186649,0.5457212551702713,torbole casaglia,17,3.012930054828777,17.829942242274406,542.3274098691799,6507.928918430159,0.032101250304133605
quinzano d'oglio,6211,0.0049398485357019,49.39848535701958,8891.727364263525,106700.72837116227,292.3307626607186,0.5263159496680986,quinzano d'oglio,42,1.176154413262371,6.960256253826634,211.70779438722678,2540.4935326467207,0.012531332134954729
rudiano,5917,0.0047060189640554,47.06018964055464,8470.834135299836,101650.00962359805,278.49317705095353,0.501402588019021,rudiano,16,2.941261852534665,17.405823565684596,529.4271334562397,6353.125601474878,0.031337661751188815
villanuova sul clisi,5818,0.0046272804348275,46.27280434827563,8329.104782689614,99949.25739227537,273.83358189664483,0.4930133948106581,villanuova sul clisi,12,3.856067029022969,22.819465158053735,694.0920652241344,8329.104782689614,0.04108444956755484
dello,5619,0.0044690080376926,44.69008037692691,8044.214467846843,96530.57361416212,264.4673249703072,0.4761502690685953,dello,37,1.2078400101872138,7.147765539738032,217.41120183369847,2608.9344220043813,0.012868926191043116
trenzano,5480,0.004358455961302,43.58455961302001,7845.220730343603,94142.64876412324,257.925065107187,0.4643715028467526,trenzano,22,1.981116346046364,11.723866595781226,356.60094228834555,4279.2113074601475,0.0211077955839433
borgo san giacomo,5420,0.0043107356405578,43.10735640557819,7759.324153004074,93111.88983604888,255.10106804396955,0.4592871433265326,borgo san giacomo,43,1.0024966605948415,5.932582977766733,180.4493989070715,2165.3927868848577,0.01068109635643099
manerba del garda,5386,0.0042836941254694,42.83694125469449,7710.649425845007,92527.79311014008,253.50080304147968,0.4564060062650746,manerba del garda,47,0.9114242820147763,5.393634107265525,164.05637076265972,1968.6764491519166,0.009710766090746269
poncarale,5184,0.0041230357122973,41.23035712297367,7421.464282135261,89057.57138562313,243.9933462619812,0.4392886625470009,poncarale,17,2.4253151248808043,14.352549780116542,436.55672247854477,5238.680669742537,0.025840509561588287
montirone,5064,0.004027595070809,40.27595070809003,7249.671127456205,86996.05352947446,238.34535213554648,0.4291199435065612,montirone,10,4.027595070809003,23.83453521355465,724.9671127456205,8699.605352947447,0.04291199435065612
esine,5054,0.0040196416840183,40.196416840183055,7235.35503123295,86824.2603747954,237.87468595834355,0.4282725502531911,esine,53,0.7584229592487369,4.488201621855539,136.51613266477264,1638.1935919772716,0.008080614155720587
gottolengo,4975,0.0039568099283717,39.568099283717984,7122.257871069237,85467.09445283085,234.15642315844067,0.4215781435515682,gottolengo,44,0.8992749837208632,5.321736889964561,161.8694970697554,1942.4339648370647,0.009581321444353823
paratico,4960,0.0039448798481857,39.44879848185752,7100.783726734354,85209.40472081225,233.4504238926363,0.4203070536715132,paratico,4,9.86219962046438,58.36260597315908,1775.1959316835885,21302.351180203063,0.1050767634178783
roccafranca,4865,0.0038693226736741,38.6932267367413,6964.780812613434,83577.36975136121,228.9790952092088,0.4122568177644983,roccafranca,27,1.4330824717311594,8.480707229970696,257.9548449116087,3095.4581389393043,0.015268771028314752
cellatica,4859,0.0038645506415997,38.645506415997126,6956.191154879482,83474.29385855379,228.6966955028871,0.4117483818124764,cellatica,8,4.830688301999641,28.58708693786089,869.5238943599353,10434.286732319224,0.05146854772655955
padenghe sul garda,4838,0.0038478485293392,38.47848529339249,6926.127352810648,83113.52823372777,227.70829653076103,0.4099688559803995,padenghe sul garda,30,1.2826161764464163,7.590276551025368,230.87091176035491,2770.4509411242593,0.013665628532679984
piancogno,4782,0.0038033095633113,38.03309563311345,6845.957213960421,82151.48656752505,225.0725659384248,0.4052234537615275,piancogno,14,2.716649688079532,16.076611852744627,488.99694385431576,5867.963326251789,0.02894453241153768
pian camuno,4770,0.0037937654991625,37.93765499162508,6828.777898492514,81945.33478191018,224.5077665257813,0.4042065818574835,pian camuno,15,2.529176999441672,14.967184435052086,455.25185989950097,5463.022318794012,0.026947105457165565
nuvolera,4720,0.003753998565209,37.53998565209023,6757.197417376242,81086.3690085149,222.1544356397669,0.3999696155906336,nuvolera,17,2.208234450122955,13.067907978809817,397.4822010221319,4769.786412265582,0.02352762444650786
capriano del colle,4713,0.0037484311944555,37.48431194455535,6747.176150019964,80966.11380023956,221.8249693157248,0.3993764403132746,capriano del colle,23,1.629752693241537,9.644563883292381,293.3554847834767,3520.26581740172,0.0173641930570989
san zeno naviglio,4674,0.0037174129859718,37.17412985971816,6691.343374749269,80296.12049699124,219.98937122463352,0.3960716066251316,san zeno naviglio,1,37.17412985971816,219.98937122463352,6691.343374749269,80296.12049699124,0.3960716066251316
breno,4643,0.0036927574869206,36.92757486920655,6646.963476457179,79763.56171748615,218.5303060753045,0.3934446875396847,breno,89,0.41491657156411854,2.4553966974753316,74.68498288154134,896.2197945784961,0.004420726826288592
monticelli brusati,4598,0.0036569672463625,36.56967246362519,6582.541043452534,78990.49252143041,216.41230827789155,0.3896314178995197,monticelli brusati,7,5.224238923375027,30.916044039698793,940.3630062075048,11284.356074490059,0.055661631128502816
gambara,4539,0.0036100422642974,36.10042264297406,6498.076075735331,77976.91290882397,213.63537783239445,0.3846317977046369,gambara,59,0.6118715702198994,3.6209386073287195,110.13688263958188,1321.6425916749827,0.006519183011942998
collebeato,4454,0.0035424384765764,35.424384765764806,6376.389257837665,76516.67109405198,209.6347153261698,0.3774289550509919,collebeato,8,4.428048095720601,26.204339415771226,797.0486572297082,9564.583886756498,0.047178619381373986
san paolo,4429,0.0035225550095997,35.22555009599738,6340.599017279528,76087.18820735434,208.45804988316257,0.375310471917567,san paolo,19,1.8539763208419673,10.971476309640135,333.7157377515541,4004.5888530186494,0.019753182732503528
edolo,4391,0.003492332139795,34.92332139795089,6286.197851631161,75434.37421957393,206.6695184097916,0.3720903775547611,edolo,113,0.30905594157478666,1.8289337912370938,55.630069483461604,667.5608338015393,0.003292835199599656
roè volciano,4353,0.0034621092699904,34.621092699904395,6231.796685982791,74781.5602317935,204.88098693642053,0.368870283191955,roè volciano,4,8.655273174976099,51.22024673410513,1557.9491714956978,18695.390057948374,0.09221757079798874
marcheno,4161,0.003309404243609,33.09404243609056,5956.927638496301,71483.13166195562,195.84419633412497,0.3526003327272514,marcheno,38,0.8708958535813306,5.15379464037171,156.7612536446395,1881.1350437356741,0.009278956124401352
vestone,4145,0.0032966788247439,32.9667882474394,5934.021884539093,71208.26261446912,195.09113045060036,0.3512445035218594,vestone,13,2.5359067882645694,15.007010034661565,456.4632218876225,5477.5586626514705,0.02701880796321995
comezzano-cizzago,4102,0.0032624792615439,32.62479261543943,5872.462670779098,70469.55204934918,193.06726588862787,0.3476007125323684,comezzano-cizzago,22,1.4829451188836105,8.775784813119449,266.9301213990499,3203.161456788599,0.015800032387834926
offlaga,4093,0.0032553212134323,32.55321213432316,5859.578184178169,70314.93821013803,192.6436663291453,0.3468380586043355,offlaga,36,0.9042558926200878,5.351212953587369,162.7660606716158,1953.1927280593898,0.009634390516787097
isorella,4060,0.003229075037023,32.29075037023016,5812.335066641428,69748.02079969714,191.09046794437572,0.3440416608682145,isorella,15,2.1527166913486773,12.739364529625048,387.4890044427619,4649.868053313143,0.022936110724547636
sabbio chiese,4005,0.0031853314096741,31.85331409674182,5733.596537413528,68803.15844896233,188.50180396975983,0.3393809979746796,sabbio chiese,24,1.3272214206975759,7.854241832073327,238.89985572556364,2866.798268706764,0.014140874915611648
nuvolento,3890,0.0030938674615811,30.93867461581165,5568.961430846097,66827.53717015317,183.0891429319265,0.3296359755609247,nuvolento,7,4.419810659401664,26.15559184741807,795.5659186922995,9546.791024307595,0.047090853651560675
verolavecchia,3814,0.0030334217219718,30.334217219718678,5460.159099549362,65521.90919459234,179.5120799851845,0.3231957868353128,verolavecchia,28,1.0833649007042385,6.411145713756589,195.0056821267629,2340.068185521155,0.011542706672689742
bienno,3771,0.0029992221587718,29.9922215877187,5398.5998857893655,64783.19862947239,177.48821542321204,0.3195519958458219,bienno,70,0.4284603083959814,2.535545934617315,77.12285551127665,925.4742661353199,0.00456502851208317
bagolino,3767,0.0029960408040555,29.960408040555908,5392.873447300063,64714.48136760076,177.29994895233085,0.3192130385444738,bagolino,126,0.23778101619488817,1.4071424520026259,42.800582915079865,513.6069949809585,0.00253343681384503
lograto,3763,0.0029928594493393,29.928594493393124,5387.147008810763,64645.76410572915,177.11168248144972,0.3188740812431259,lograto,26,1.1510997882074279,6.811987787748066,207.19796187733704,2486.375542528044,0.012264387740120227
urago d'oglio,3755,0.0029864967399067,29.86496739906754,5375.694131832158,64508.32958198589,176.73514953968737,0.3181961666404299,urago d'oglio,18,1.6591648555037524,9.81861941887152,298.6496739906754,3583.796087888105,0.017677564813357215
pompiano,3711,0.0029515018380276,29.51501838027687,5312.703308449837,63752.43970139805,174.66421835999466,0.314467636325602,pompiano,25,1.1806007352110748,6.986568734399786,212.5081323379935,2550.0975880559217,0.012578705453024079
calvagese della riviera,3671,0.0029196882908648,29.19688290864899,5255.438923556819,63065.26708268182,172.78155365118306,0.311078063312122,calvagese della riviera,19,1.536678047823631,9.093765981641214,276.6020486082536,3319.2245832990434,0.016372529648006423
paderno franciacorta,3640,0.0028950327918137,28.95032791813738,5211.059025264728,62532.70830317674,171.32248850185408,0.3084511442266751,paderno franciacorta,5,5.7900655836274755,34.26449770037082,1042.2118050529457,12506.541660635348,0.06169022884533502
pozzolengo,3584,0.0028504938257858,28.504938257858345,5130.888886414502,61570.66663697403,168.6867579095179,0.3037057420078032,pozzolengo,36,0.7918038404960651,4.685743275264386,142.52469128929172,1710.2962954715008,0.008436270611327866
artogne,3582,0.0028489031484276,28.48903148427695,5128.025667169851,61536.308006038205,168.59262467407729,0.3035362633571291,artogne,14,2.0349308203054965,12.042330333862663,366.28754765498934,4395.450571859872,0.021681161668366363
mairano,3519,0.0027987968116463,27.987968116463037,5037.834260963346,60454.01113156015,165.62742775769905,0.2981976858608982,mairano,11,2.544360737860276,15.05703888706355,457.9849328148497,5495.819193778196,0.027108880532808924
san felice del benaco,3465,0.0027558485229765,27.55848522976539,4960.527341357771,59526.32809629325,163.08583040080342,0.2936217622927003,san felice del benaco,31,0.888983394508561,5.260833238735594,160.017011011541,1920.2041321384918,0.00947166975137743
puegnago del garda,3454,0.0027470997975067,27.47099797506772,4944.77963551219,59337.35562614628,162.5680976058802,0.2926896297139933,puegnago del garda,14,1.962214141076266,11.612006971848587,353.19854539372784,4238.3825447247345,0.020906402122428093
azzano mella,3418,0.0027184676050602,27.18467605060263,4893.241689108473,58718.90026930168,160.8736993679498,0.2896390140018614,azzano mella,10,2.7184676050602627,16.08736993679498,489.32416891084733,5871.8900269301685,0.028963901400186138
remedello,3374,0.0026834727031811,26.83472703181196,4830.250865726152,57963.01038871383,158.80276818825706,0.2859104836870334,remedello,28,0.9583831082789985,5.6715274352948954,172.50895949021972,2070.107513882637,0.010211088703108337
sale marasino,3260,0.0025928040937672,25.92804093767249,4667.047368781048,56004.56842537258,153.43717376814405,0.2762502005986156,sale marasino,24,1.080335039069687,6.393215573672669,194.46030703254368,2333.523684390524,0.011510425024942317
ome,3163,0.0025156562418974,25.15656241897487,4528.181235415477,54338.17482498573,148.87171184927595,0.2680304860409267,ome,18,1.3975868010541594,8.270650658293109,251.56562418974875,3018.787490276985,0.014890582557829261
marone,3112,0.0024750939692649,24.75093969264932,4455.169144676878,53462.02973612254,146.4713143455412,0.2637087804487398,marone,33,0.7500284755348279,4.438524677137612,135.00512559626904,1620.0615071552284,0.007991175165113327
serle,3081,0.0024504384702137,24.504384702137717,4410.789246384788,52929.47095661746,145.01224919621222,0.2610818613632928,serle,22,1.1138356682789872,6.591465872555101,200.49042029021766,2405.8850434826118,0.011867357334695128
malonno,3005,0.0023899927306044,23.89992730604473,4301.986915088051,51623.842981056616,141.43518624947018,0.2546416726376809,malonno,52,0.4596139866547064,2.7199074278744266,82.73051759784714,992.7662111741657,0.004896955243032325
pralboino,2798,0.002225357624037,22.253576240370435,4005.643723266679,48067.72467920014,131.69239638137023,0.2371006322929221,pralboino,21,1.0596941066843064,6.271066494350963,190.7449392031752,2288.9392704381016,0.011290506299662958
berlingo,2755,0.002191158060837,21.911580608370464,3944.0845095066834,47329.0141140802,129.6685318193978,0.2334568413034312,berlingo,6,3.6519301013950773,21.611421969899634,657.3474182511139,7888.169019013367,0.038909473550571866
polpenazze del garda,2729,0.0021704792551812,21.704792551812336,3906.8626593262206,46882.35191191465,128.44479975867029,0.2312536188446693,polpenazze del garda,14,1.5503423251294526,9.174628554190734,279.0616185233015,3348.739422279618,0.016518115631762094
muscoline,2697,0.002145028417451,21.45028417451003,3861.0511514118057,46332.61381694167,126.938667991621,0.2285419604338853,muscoline,14,1.532163155322145,9.067047713687215,275.78936795798614,3309.472415495834,0.01632442574527752
gargnano,2693,0.0021418470627347,21.418470627347244,3855.324712922504,46263.896555070045,126.75040152073984,0.2282030031325373,gargnano,108,0.19831917247543743,1.1736148288957393,35.697451045578745,428.3694125469449,0.002112990769745716
san gervasio bresciano,2680,0.0021315076599068,21.315076599068178,3836.713787832272,46040.56545398726,126.13853549037606,0.2271013919031563,san gervasio bresciano,16,1.332192287441761,7.883658468148504,239.794611739517,2877.535340874204,0.01419383699394727
pavone del mella,2676,0.0021283263051905,21.283263051905397,3830.987349342971,45971.84819211565,125.95026901949493,0.2267624346018083,pavone del mella,15,1.4188842034603597,8.396684601299661,255.39915662286472,3064.7898794743764,0.015117495640120554
cividate camuno,2656,0.0021124195316091,21.12419531609145,3802.355156896461,45628.261882757535,125.00893666508914,0.2250676480950684,cividate camuno,4,5.281048829022862,31.252234166272284,950.5887892241152,11407.065470689384,0.0562669120237671
gardone riviera,2631,0.0020925360646324,20.925360646324027,3766.564916338325,45198.778996059904,123.83227122208191,0.2229491649616435,gardone riviera,33,0.6341018377673947,3.7524930673358154,114.13833079813107,1369.6599695775728,0.006756035301867984
moniga del garda,2622,0.0020853780165207,20.85378016520775,3753.680429737394,45044.165156848736,123.40867166259928,0.2221865110336104,moniga del garda,23,0.9066860941394673,5.365594420113012,163.2034969451041,1958.4419633412494,0.009660283088417843
polaveno,2458,0.0019549424731533,19.549424731533428,3518.896451676017,42226.75742011221,115.6897463564718,0.2082892616783426,polaveno,9,2.172158303503714,12.8544162618302,390.9884946306686,4691.861935568024,0.023143251297593623
berzo inferiore,2450,0.0019485797637207,19.485797637207853,3507.4435746974136,42089.32289636896,115.31321341470948,0.2076113470756466,berzo inferiore,29,0.6719240564554432,3.976317703955499,120.94633016197977,1451.3559619437574,0.007159011968125745
orzivecchi,2446,0.0019453984090045,19.453984090045065,3501.717136208112,42020.60563449734,115.12494694382832,0.2072723897742987,orzivecchi,8,2.431748011255633,14.39061836797854,437.714642026014,5252.5757043121675,0.02590904872178734
borno,2436,0.0019374450222138,19.37445022213809,3487.401039984856,41848.81247981828,114.65428076662542,0.2064249965209287,borno,30,0.6458150074046031,3.821809358887514,116.24670133282854,1394.960415993943,0.00688083321736429
bassano bresciano,2334,0.0018563204769486,18.56320476948699,3341.376858507658,40096.5223020919,109.85348575915587,0.1977815853365548,bassano bresciano,15,1.237546984632466,7.3235657172770585,222.75845723384387,2673.1014868061266,0.013185439022436986
alfianello,2331,0.0018539344609114,18.5393446091149,3337.082029640682,40044.98435568818,109.71228590599502,0.1975273673605438,alfianello,25,0.741573784364596,4.388491436239801,133.48328118562728,1601.7993742275273,0.007901094694421752
barbariga,2330,0.0018531391222324,18.531391222324203,3335.6504200183563,40027.80504022028,109.66521928827474,0.1974426280352068,barbariga,13,1.425491632486477,8.435786099098056,256.58849384756587,3079.0619261707907,0.015187894464246676
capo di ponte,2323,0.0018475717514789,18.475717514789324,3325.629152662078,39907.54983194494,109.33575296423273,0.1968494527578478,capo di ponte,28,0.6598470540996187,3.9048483201511686,118.77246973793136,1425.2696368551765,0.007030337598494564
angolo terme,2306,0.0018340509939347,18.340509939347477,3301.291789082545,39615.501468990544,108.5356204629878,0.1954088842271188,angolo terme,38,0.482644998403881,2.856200538499679,86.87609971269856,1042.5131965523826,0.005142339058608389
paitone,2181,0.001734633659051,17.346336590510337,3122.3405862918607,37468.08703550233,102.6522932479516,0.184816468559994,paitone,9,1.9273707322789262,11.405810360883512,346.9267318102068,4163.120781722481,0.020535163173332666
caino,2161,0.0017187268854696,17.187268854696395,3093.708393845351,37124.500726144215,101.7109608935458,0.183121682053254,caino,17,1.0110158149821409,5.982997699620341,181.98284669678537,2183.7941603614245,0.01077186365019141
gianico,2127,0.0016916853703812,16.916853703812695,3045.033666686285,36540.404000235416,100.11069589105594,0.1802405449917961,gianico,32,0.5286516782441467,3.128459246595498,95.1573020839464,1141.8876250073567,0.005632517030993628
tremosine sul garda,2069,0.0016455557269952,16.455557269952262,2962.0003085914072,35544.00370309689,97.38083206327914,0.1753256641222501,tremosine sul garda,96,0.17141205489533606,1.0143836673258244,30.85416988116049,370.2500385739259,0.0018263090012734385
bovegno,2017,0.0016041981156836,16.041981156836016,2887.556608230483,34650.6792987658,94.9333679418241,0.1709192192047262,bovegno,75,0.21389308209114688,1.2657782392243213,38.50075477640644,462.0090573168773,0.0022789229227296827
collio,1991,0.0015835193100277,15.835193100277891,2850.3347580500204,34204.01709660025,93.70963588109656,0.1687159967459643,collio,72,0.2199332375038596,1.3015227205707856,39.58798275069473,475.05579300833676,0.0023432777325828377
fiesse,1991,0.0015835193100277,15.835193100277891,2850.3347580500204,34204.01709660025,93.70963588109656,0.1687159967459643,fiesse,15,1.0556795400185262,6.247309058739771,190.0223172033347,2280.2678064400166,0.01124773311639762
visano,1982,0.0015763612619161,15.763612619161618,2837.450271449092,34049.403257389095,93.28603632161396,0.1679533428179313,visano,15,1.050907507944108,6.219069088107598,189.16335142993947,2269.960217159273,0.01119688952119542
niardo,1944,0.0015461383921115,15.461383921115129,2783.0491058007237,33396.58926960868,91.49750484824295,0.1647332484551253,niardo,28,0.5521922828969689,3.2677680302943912,99.39461092145442,1192.7353310574529,0.005883330301968761
sulzano,1940,0.0015429570373952,15.42957037395234,2777.322667311421,33327.87200773705,91.3092383773618,0.1643942911537773,sulzano,15,1.0286380249301559,6.087282558490786,185.15484448742805,2221.8581338491367,0.010959619410251819
malegno,1930,0.0015350036506045,15.350036506045369,2763.0065710881663,33156.078853058,90.8385722001589,0.1635468979004073,malegno,11,1.3954578641859425,8.258052018196263,251.18241555346967,3014.188986641637,0.014867899809127937
soiano del lago,1926,0.0015318222958882,15.31822295888258,2757.2801325988644,33087.361591186374,90.65030572927772,0.1632079405990593,soiano del lago,6,2.5530371598137633,15.108384288212953,459.5466887664774,5514.560265197729,0.02720132343317655
odolo,1917,0.0015246642477766,15.246642477766308,2744.3956459979354,32932.74775197523,90.22670616979516,0.1624452866710264,odolo,10,1.5246642477766308,9.022670616979516,274.4395645997935,3293.274775197523,0.016244528667102638
corteno golgi,1910,0.0015190968770231,15.190968770231429,2734.374378641657,32812.49254369989,89.89723984575312,0.1618521113936674,corteno golgi,99,0.15344412899223667,0.90805292773488,27.619943218602597,331.4393186232312,0.0016348698120572465
idro,1879,0.0014944413779719,14.944413779719818,2689.9944803495678,32279.933764194808,88.43817469642413,0.1592251923082204,idro,34,0.43954158175646524,2.601122785188945,79.11748471616376,949.4098165939649,0.0046830938914182475
ceto,1773,0.0014101354779905,14.101354779905927,2538.243860383067,30458.926324596803,83.44911321807344,0.1502428238224986,ceto,42,0.33574654237871254,1.9868836480493675,60.434377628168264,725.2125315380191,0.003577210091011871
milzano,1749,0.0013910473496929,13.910473496929196,2503.885229447256,30046.622753367064,82.31951439278647,0.1482090800144106,milzano,15,0.9273648997952797,5.487967626185765,166.9256819631504,2003.1081835578043,0.009880605334294041
ponte di legno,1739,0.0013830939629022,13.830939629022229,2489.569133224001,29874.82959868801,81.84884821558359,0.1473616867610406,ponte di legno,122,0.1133683576149363,0.6708921984883901,20.40630437068853,244.8756524482624,0.0012078826783691854
brandico,1733,0.0013783219308278,13.783219308278044,2480.979475490048,29771.753705880576,81.56644850926185,0.1468532508090186,brandico,13,1.060247639098311,6.274342193020142,190.84457503769602,2290.1349004523518,0.011296403908386045
agnosine,1654,0.0013154901751812,13.154901751812975,2367.882315326336,28414.587783916028,77.84818570935899,0.1401588441073958,agnosine,16,0.822181359488311,4.865511606834937,147.992644707896,1775.9117364947517,0.008759927756712237
monte isola,1621,0.0012892439987719,12.89243998771997,2320.6391977895946,27847.67037347513,76.29498732458941,0.1373624463712748,monte isola,17,0.758378822807057,4.487940430858201,136.50818810527028,1638.098257263243,0.008080143904192635
lodrino,1617,0.0012860626440557,12.860626440557182,2314.9127593002927,27778.953111603518,76.10672085370825,0.1370234890699268,lodrino,25,0.5144250576222873,3.04426883414833,92.5965103720117,1111.1581244641407,0.005480939562797073
casto,1607,0.001278109257265,12.781092572650213,2300.596663077038,27607.159956924457,75.63605467650537,0.1361760958165568,casto,42,0.30431172792024314,1.8008584446786993,54.776111025643765,657.3133323077252,0.0032422879956323044
acquafredda,1525,0.0012128914855813,12.12891485581305,2183.2046740463493,26198.45608855619,71.77659202344162,0.1292274711389229,acquafredda,14,0.8663510611295037,5.12689943024583,155.94319100331066,1871.318292039728,0.009230533652780207
berzo demo,1505,0.0011969847119999,11.969847119999107,2154.57248159984,25854.869779198078,70.83525966903582,0.1275326846321829,berzo demo,17,0.7041086541175945,4.166779980531519,126.73955774116706,1520.8746928940045,0.007501922625422523
maclodio,1487,0.0011826686157766,11.826686157766565,2128.803508397981,25545.64210077577,69.98806055007061,0.1260073767761169,maclodio,10,1.1826686157766564,6.998806055007061,212.88035083979813,2554.564210077577,0.01260073767761169
preseglie,1476,0.0011739198903068,11.739198903068894,2113.055802552401,25356.66963062881,69.47032775514744,0.12507524419741,preseglie,20,0.5869599451534447,3.473516387757372,105.65279012762005,1267.8334815314406,0.006253762209870501
ossimo,1471,0.0011699431969115,11.699431969115407,2105.897754440773,25270.77305328928,69.23499466654597,0.124651547570725,ossimo,28,0.41783685603983595,2.4726783809480706,75.21063408717046,902.5276090460457,0.00445184098466875
vezza d'oglio,1465,0.0011651711648371,11.651711648371228,2097.308096706821,25167.69716048185,68.95259496022425,0.124143111618703,vezza d'oglio,58,0.2008915801443315,1.1888378441417973,36.16048442597967,433.92581311175604,0.0021403984761845345
cigole,1453,0.0011556271006882,11.55627100688286,2080.128781238915,24961.545374866982,68.38779554758078,0.123126239714659,cigole,16,0.7222669379301787,4.274237221723799,130.0080488274322,1560.0965859291864,0.007695389982166187
pezzaze,1452,0.0011548317620092,11.548317620092163,2078.697171616589,24944.36605939907,68.34072892986048,0.123041500389322,pezzaze,34,0.339656400590946,2.0100214391135434,61.13815210637026,733.6578252764433,0.0036188676585094705
corzano,1429,0.0011365389723906,11.36538972390613,2045.7701503031035,24549.24180363724,67.2581967222938,0.121092495906571,corzano,15,0.7576926482604087,4.483879781486253,136.38467668687358,1636.6161202424826,0.008072833060438066
seniga,1409,0.0011206321988092,11.20632198809219,2017.1379578565943,24205.655494279134,66.31686436788803,0.1193977093998311,seniga,22,0.5093782721860086,3.0144029258130924,91.68808899348156,1100.2570679217788,0.005427168609083232
vallio terme,1406,0.001118246182772,11.1824618277201,2012.8431289896175,24154.11754787541,66.17566451472716,0.1191434914238201,vallio terme,20,0.559123091386005,3.308783225736358,100.64215644948088,1207.7058773937704,0.005957174571191005
sellero,1387,0.0011031347478696,11.031347478696857,1985.642546165434,23827.710553985205,65.28139877804166,0.1175334442424171,sellero,15,0.7354231652464571,4.352093251869444,132.37616974436227,1588.514036932347,0.007835562949494473
villachiara,1362,0.0010832512808929,10.832512808929428,1949.852305607297,23398.227667287563,64.10473333503442,0.1154149611089921,villachiara,26,0.4166351080357472,2.4655666667320935,74.9943194464345,899.9318333572139,0.004439036965730466
bione,1305,0.0010379169761859,10.379169761859693,1868.250557134745,22419.006685616936,61.421936124977904,0.1105848195647832,bione,14,0.7413692687042638,4.387281151784136,133.4464683667675,1601.3576204012097,0.007898915683198799
sonico,1204,0.0009575877695999,9.575877695999289,1723.6579852798716,20683.89582335846,56.668207735228656,0.1020261477057463,sonico,79,0.12121364172150999,0.7173190852560589,21.818455509871793,261.8214661184615,0.001291470224123371
tavernole sul mella,1203,0.0009567924309208,9.56792430920859,1722.2263756575464,20666.71650789056,56.62114111750837,0.1019414083804093,tavernole sul mella,28,0.3417115824717354,2.022183611339585,61.508084844912375,738.0970181389486,0.003640764585014618
tignale,1158,0.0009210021903627,9.210021903627222,1657.8039426529,19893.6473118348,54.50314332009534,0.0981281387402444,tignale,63,0.14619082386709875,0.8651292590491324,26.314348296077778,315.7721795529333,0.0015575895038134032
barghe,1137,0.0009043000781022,9.043000781022585,1627.7401405840649,19532.88168700878,53.514744347969256,0.0963486129081674,barghe,1,9.043000781022585,53.514744347969256,1627.7401405840649,19532.88168700878,0.0963486129081674
temù,1131,0.0008995280460278,8.9952804602784,1619.150482850112,19429.805794201344,53.23234464164752,0.0958401769561454,temù,87,0.10339402827906206,0.6118660303637646,18.610925090231174,223.33110108277407,0.0011016112293809816
limone sul garda,1127,0.0008963466913115,8.963466913115612,1613.42404436081,19361.08853232972,53.04407817076636,0.0955012196547974,limone sul garda,25,0.35853867652462446,2.1217631268306545,64.5369617744324,774.4435412931888,0.003820048786191896
cedegolo,1095,0.0008708958535813,8.708958535813306,1567.612536446395,18811.35043735674,51.5379464037171,0.0927895612440135,cedegolo,3,2.902986178604435,17.1793154679057,522.5375121487983,6270.45014578558,0.0309298537480045
zone,1021,0.0008120407913301,8.120407913301722,1461.67342439431,17540.08109273172,48.05501669241568,0.0865188511690756,zone,25,0.3248163165320689,1.922200667696627,58.4669369757724,701.6032437092689,0.003460754046763024
ono san pietro,966,0.0007682971639813,7.682971639813382,1382.9348951664088,16595.218741996905,45.46635271779974,0.0818581882755406,ono san pietro,20,0.3841485819906691,2.273317635889987,69.14674475832044,829.7609370998453,0.0040929094137770305
provaglio val sabbia,872,0.0006935353281487,6.935353281487856,1248.3635906678142,14980.36308801377,41.04209065209252,0.0738926916938628,provaglio val sabbia,22,0.31524333097672075,1.8655495750951145,56.74379957580973,680.9255949097168,0.0033587587133574
cevo,816,0.0006489963621208,6.489963621208819,1168.1934518175874,14018.321421811048,38.406360059756295,0.0691472894749908,cevo,71,0.09140793832688478,0.5409346487289619,16.45342889883926,197.4411467860711,0.0009739054855632507
saviore dell'adamello,795,0.0006322942498604,6.322942498604181,1138.1296497487526,13657.55579698503,37.41796108763022,0.0673677636429139,saviore dell'adamello,117,0.054042243577813516,0.3198116332276087,9.727603844006433,116.73124612807719,0.0005757928516488367
mura,777,0.0006179781536371,6.1797815363716335,1112.360676546894,13348.328118562727,36.570761968665,0.0658424557868479,mura,17,0.36351656096303725,2.151221292274412,65.4329809733467,785.1957716801604,0.003873085634520465
brione,749,0.0005957086706232,5.957086706232115,1072.2756071217807,12867.307285461367,35.252896672496895,0.0634697546774119,brione,5,1.191417341246423,7.050579334499379,214.45512142435615,2573.4614570922736,0.012693950935482378
braone,690,0.000548783688558,5.487836885580987,987.8106394045776,11853.727672854931,32.47596622699981,0.058470134482529,braone,17,0.3228139344459404,1.9103509545294006,58.106508200269275,697.2780984032313,0.0034394196754428826
cerveno,659,0.0005241281895069,5.241281895069377,943.4307411124878,11321.168893349854,31.01690107767083,0.0558432153970821,cerveno,31,0.169073609518367,1.0005451960538978,30.433249713306058,365.1989965596727,0.0018013940450671644
marmentino,657,0.0005225375121487,5.225375121487983,940.567521867837,11286.810262414045,30.92276784223025,0.0556737367464081,marmentino,32,0.16329297254649947,0.9663364950696953,29.392735058369905,352.7128207004389,0.0017398042733252532
losine,625,0.0004970866744185,4.970866744185677,894.7560139534218,10737.072167441062,29.41663607518099,0.0529620783356241,losine,7,0.7101238205979538,4.2023765821687125,127.82228770763167,1533.8674524915803,0.007566011190803443
vione,623,0.0004954959970604,4.954959970604282,891.8927947087708,10702.713536505247,29.32250283974041,0.0527925996849501,vione,50,0.09909919941208564,0.5864500567948082,17.837855894175416,214.05427073010495,0.001055851993699002
paspardo,579,0.0004605010951813,4.605010951813611,828.9019713264499,9946.8236559174,27.25157166004767,0.0490640693701222,paspardo,14,0.3289293537009722,1.9465408328605478,59.207283666174995,710.4874039941,0.003504576383580157
pertica bassa,555,0.0004414129668836,4.414129668836881,794.5433403906386,9534.520084687663,26.12197283476072,0.0470303255620342,pertica bassa,28,0.15764748817274574,0.9329276012414542,28.376547871094235,340.51857445313084,0.0016796544843583644
pertica alta,555,0.0004414129668836,4.414129668836881,794.5433403906386,9534.520084687663,26.12197283476072,0.0470303255620342,pertica alta,22,0.2006422576744037,1.1873624015800326,36.115606381392666,433.38727657671194,0.0021377420710015547
longhena,549,0.0004366409348092,4.366409348092699,785.9536826566857,9431.44419188023,25.839573128438985,0.0465218896100122,longhena,7,0.6237727640132427,3.691367589776998,112.27909752238368,1347.3491702686042,0.006645984230001742
cimbergo,533,0.0004239155159441,4.239155159441545,763.047928699478,9156.575144393735,25.086507244914348,0.0451660604046202,cimbergo,28,0.15139839855148374,0.8959466873183696,27.251711739267073,327.02054087120484,0.0016130735858792928
monno,512,0.0004072134036836,4.072134036836906,732.9841266306431,8795.809519567718,24.098108272788267,0.0433865345725433,monno,34,0.11976864814226194,0.7087678903761255,21.55835666560715,258.7002799872858,0.0012760745462512737
treviso bresciano,511,0.0004064180650046,4.064180650046209,731.5525170083176,8778.630204099813,24.05104165506798,0.0433017952472063,treviso bresciano,25,0.16256722600184836,0.9620416662027192,29.262100680332704,351.1452081639925,0.0017320718098882521
lavenone,486,0.0003865345980278,3.865345980278782,695.7622764501808,8349.14731740217,22.874376212060746,0.0411833121137813,lavenone,54,0.07158048111627374,0.4235995594826064,12.884486600929275,154.61383921115132,0.000762653928032987
anfo,447,0.0003555163895441,3.555163895441596,639.9295011794873,7679.154014153847,21.038778120969443,0.0378784784256383,anfo,27,0.13167273686820724,0.7792140044803497,23.701092636277306,284.41311163532765,0.0014029066083569742
lozio,352,0.0002799592150325,2.799592150325373,503.9265870585672,6047.119044702806,16.567449437541935,0.0298282425186235,lozio,32,0.08748725469766791,0.5177327949231855,15.747705845580224,188.97247014696268,0.0009321325787069844
incudine,343,0.0002728011669209,2.728011669209099,491.0421004576378,5892.505205491654,16.143849878059328,0.0290655885905905,incudine,36,0.07577810192247497,0.4484402743905369,13.640058346045494,163.68070015254594,0.0008073774608497362
capovalle,338,0.0002688244735255,2.688244735255614,483.8840523460105,5806.608628152126,15.90851678945788,0.0286418919639055,capovalle,34,0.07906602162516511,0.4678975526311141,14.231883892529721,170.78260671035665,0.0008424085871736912
paisco loveno,172,0.0001367982527999,1.3679825279998985,246.2368550399817,2954.84226047978,8.095458247889809,0.0145751639579637,paisco loveno,55,0.024872409599998153,0.14719014996163288,4.477033727999667,53.724404735996,0.00026500298105388545
valvestino,167,0.0001328215594046,1.3282155940464129,239.07880692835428,2868.9456831402517,7.860125159288359,0.0141514673312787,valvestino,41,0.03239550229381495,0.19171036973874048,5.83119041288669,69.97428495464028,0.0003451577397872854
irma,132,0.0001049847056372,1.0498470563720148,188.97247014696268,2267.669641763552,6.212793539078225,0.0111855909444838,irma,6,0.1749745093953358,1.035465589846371,31.495411691160445,377.94494029392536,0.0018642651574139668
magasa,106,8.430589998138907e-05,0.8430589998138907,151.75061996650032,1821.007439598004,4.989061478350696,0.0089823684857218,magasa,18,0.046836611100771704,0.27717008213059424,8.430589998138906,101.1670799776669,0.0004990204714289889
